net,length_um
clknet_0_clk,571.06µm
filter.y_out\[15\],496.78µm
net10,477.94µm
net3,468.74µm
net16,458.4µm
filter.y_out\[14\],383.98µm
filter.y_out\[1\],373.56µm
net21,373.2µm
net11,370.195µm
net35,367.22µm
net22,347.09µm
net33,345.22µm
net28,313.73µm
net23,299.38µm
filter.y_out\[0\],299.22µm
net15,294.84µm
filter.y_out\[12\],290.5µm
net25,276.72µm
filter.y_out\[2\],270.475µm
filter.y_out\[3\],267.77µm
clknet_3_6__leaf_clk,260.18µm
net24,257.16µm
clk,255.31µm
clknet_3_1__leaf_clk,243.42µm
net6,240.58µm
net31,234.38µm
clknet_3_5__leaf_clk,231.765µm
filter.y_out\[5\],230.96µm
clknet_3_2__leaf_clk,226.08µm
clknet_3_4__leaf_clk,226.02µm
net26,215.72µm
net19,213.265µm
filter.x_in\[10\]_sky130_fd_sc_hd__or2_2_A_B_sky130_fd_sc_hd__xor2_2_X_B_sky130_fd_sc_hd__a31o_2_X_A1_sky130_fd_sc_hd__nor2_2_B_Y,208.56µm
filter.x_in\[8\]_sky130_fd_sc_hd__and2_2_A_B_sky130_fd_sc_hd__a21o_2_X_B1,202.67µm
net7,199.18µm
net8,198.245µm
filter.y_out\[8\],196.94µm
net30,196.54µm
net20,190.72µm
net29,183.6µm
filter.y_out\[7\],182.86µm
net27,181.2µm
filter.y_out\[9\],176.48µm
filter.x_in\[12\]_sky130_fd_sc_hd__a21oi_2_A1_B1_sky130_fd_sc_hd__and3_2_X_B_sky130_fd_sc_hd__a22o_2_X_A2,173µm
net12,172.06µm
clknet_3_7__leaf_clk,170.465µm
net34,165.62µm
net18,161.18µm
net32,160.68µm
clknet_3_3__leaf_clk,158.22µm
clknet_3_0__leaf_clk,156.91µm
filter.x_in\[6\]_sky130_fd_sc_hd__and2_2_A_B_sky130_fd_sc_hd__a31o_2_X_B1_sky130_fd_sc_hd__and2_2_X_B_sky130_fd_sc_hd__o22a_2_X_B2_sky130_fd_sc_hd__nand2b_2_Y_A_N_sky130_fd_sc_hd__and2_2_B_X_sky130_fd_sc_hd__o211a_2_A1_A2_sky130_fd_sc_hd__a21oi_2_Y_B1,155.66µm
filter.y_out\[13\],151.24µm
net9,146.22µm
net17,139.08µm
filter.y_out\[6\]_sky130_fd_sc_hd__dfrtp_2_Q_D_sky130_fd_sc_hd__xnor2_2_Y_B_sky130_fd_sc_hd__o311a_2_A2_X,137.94µm
filter.x_in\[12\]_sky130_fd_sc_hd__a21oi_2_A1_B1_sky130_fd_sc_hd__and3_2_X_B_sky130_fd_sc_hd__a22o_2_X_A1_sky130_fd_sc_hd__xnor2_2_A_B_sky130_fd_sc_hd__and2_2_X_A_sky130_fd_sc_hd__inv_2_Y_A_sky130_fd_sc_hd__xor2_2_B_X,133.56µm
spi_in.bit_cnt\[3\]_sky130_fd_sc_hd__and3_2_A_X,128.86µm
filter.x_in\[9\]_sky130_fd_sc_hd__xnor2_2_A_B_sky130_fd_sc_hd__xor2_2_X_A_sky130_fd_sc_hd__xnor2_2_Y_A_sky130_fd_sc_hd__a21o_2_X_B1_sky130_fd_sc_hd__a311o_2_B1_X,121.36µm
filter.y_out\[6\]_sky130_fd_sc_hd__dfrtp_2_Q_D_sky130_fd_sc_hd__xnor2_2_Y_A_sky130_fd_sc_hd__nand2_2_Y_B,121.36µm
filter.x_in\[4\]_sky130_fd_sc_hd__xnor2_2_A_Y_sky130_fd_sc_hd__xnor2_2_B_Y_sky130_fd_sc_hd__o21a_2_A1_B1_sky130_fd_sc_hd__or3b_2_X_B_sky130_fd_sc_hd__a21o_2_X_A2,120.6µm
filter.x_in\[2\]_sky130_fd_sc_hd__inv_2_A_Y_sky130_fd_sc_hd__xnor2_2_A_Y_sky130_fd_sc_hd__xnor2_2_B_Y_sky130_fd_sc_hd__xnor2_2_B_Y_sky130_fd_sc_hd__or2_2_A_B_sky130_fd_sc_hd__xnor2_2_Y_B,114.88µm
filter.x_in\[6\]_sky130_fd_sc_hd__and2_2_A_B_sky130_fd_sc_hd__a31o_2_X_A1,114.32µm
filter.y_out\[11\],112.64µm
spi_in.shift_reg\[3\],104.7µm
net13,104.175µm
filter.x_in\[10\]_sky130_fd_sc_hd__or2_2_A_B_sky130_fd_sc_hd__xor2_2_X_B_sky130_fd_sc_hd__a31o_2_X_A3_sky130_fd_sc_hd__xnor2_2_Y_A_sky130_fd_sc_hd__o21ai_2_B1_Y_sky130_fd_sc_hd__xnor2_2_A_B_sky130_fd_sc_hd__and3_2_X_A,101.54µm
filter.y_out\[1\]_sky130_fd_sc_hd__dfrtp_2_Q_D_sky130_fd_sc_hd__xor2_2_X_A,100µm
filter.x_in\[12\]_sky130_fd_sc_hd__xnor2_2_A_B_sky130_fd_sc_hd__xnor2_2_Y_B_sky130_fd_sc_hd__a31o_2_X_A2,96.01µm
filter.x_in\[12\]_sky130_fd_sc_hd__a21oi_2_A1_B1_sky130_fd_sc_hd__and3_2_X_B_sky130_fd_sc_hd__a22o_2_X_A1_sky130_fd_sc_hd__nand2_2_Y_A,95.72µm
filter.x_in\[10\]_sky130_fd_sc_hd__or2_2_A_B_sky130_fd_sc_hd__xor2_2_X_B_sky130_fd_sc_hd__a31o_2_X_A2_sky130_fd_sc_hd__xor2_2_X_A_sky130_fd_sc_hd__a21o_2_B1_A2_sky130_fd_sc_hd__o21ba_2_A2_X,94.18µm
filter.x_in\[10\]_sky130_fd_sc_hd__or2_2_A_B_sky130_fd_sc_hd__xor2_2_X_B_sky130_fd_sc_hd__a31o_2_X_A2_sky130_fd_sc_hd__xor2_2_X_A_sky130_fd_sc_hd__a21o_2_B1_A2_sky130_fd_sc_hd__o21ba_2_A2_B1_N_sky130_fd_sc_hd__nand2_2_A_Y_sky130_fd_sc_hd__o21a_2_B1_X,93.16µm
filter.x_in\[10\]_sky130_fd_sc_hd__or2_2_A_B_sky130_fd_sc_hd__xor2_2_X_B,92.34µm
spi_in.shift_reg\[6\],91.3µm
filter.x_in\[12\]_sky130_fd_sc_hd__a21oi_2_A1_B1_sky130_fd_sc_hd__and3_2_X_B_sky130_fd_sc_hd__a22o_2_X_A1_sky130_fd_sc_hd__xnor2_2_A_Y_sky130_fd_sc_hd__nand3_2_C_Y,91.18µm
filter.x_in\[10\]_sky130_fd_sc_hd__or2_2_A_B_sky130_fd_sc_hd__xor2_2_X_B_sky130_fd_sc_hd__a31o_2_X_A2_sky130_fd_sc_hd__xor2_2_X_A_sky130_fd_sc_hd__a21o_2_B1_A2_sky130_fd_sc_hd__o21ba_2_A2_B1_N_sky130_fd_sc_hd__xnor2_2_A_Y_sky130_fd_sc_hd__xnor2_2_B_Y,88.14µm
filter.y_out\[3\]_sky130_fd_sc_hd__dfrtp_2_Q_D_sky130_fd_sc_hd__nor2_2_Y_A_sky130_fd_sc_hd__and2b_2_X_B,86µm
net14,85.64µm
filter.x_in\[5\]_sky130_fd_sc_hd__or2_2_A_B_sky130_fd_sc_hd__o21ai_2_Y_A1_sky130_fd_sc_hd__xnor2_2_A_Y,85.2µm
filter.y_out\[10\],84.695µm
filter.y_out\[4\],84.54µm
filter.x_in\[3\]_sky130_fd_sc_hd__a21oi_2_B1_Y_sky130_fd_sc_hd__o31a_2_A3_A1_sky130_fd_sc_hd__a21oi_2_Y_A1_sky130_fd_sc_hd__xnor2_2_A_Y_sky130_fd_sc_hd__o31a_2_A2_A3,83.38µm
filter.x_in\[12\]_sky130_fd_sc_hd__a21oi_2_A1_B1_sky130_fd_sc_hd__and3_2_X_B_sky130_fd_sc_hd__a22o_2_X_B2,82.3µm
filter.y_out\[1\]_sky130_fd_sc_hd__xor2_2_A_X,81.89µm
filter.y_out\[1\]_sky130_fd_sc_hd__dfrtp_2_Q_D_sky130_fd_sc_hd__xor2_2_X_B_sky130_fd_sc_hd__xnor2_2_Y_A_sky130_fd_sc_hd__nor2_2_Y_A,81.72µm
filter.x_in\[0\]_sky130_fd_sc_hd__o21ai_2_A1_Y_sky130_fd_sc_hd__xnor2_2_A_B_sky130_fd_sc_hd__xnor2_2_Y_A,79.98µm
filter.x_in\[0\]_sky130_fd_sc_hd__xnor2_2_A_Y_sky130_fd_sc_hd__and2_2_B_X_sky130_fd_sc_hd__o32a_2_A3_B2,78.31µm
filter.y_out\[0\]_sky130_fd_sc_hd__dfrtp_2_Q_D_sky130_fd_sc_hd__xor2_2_X_A_sky130_fd_sc_hd__and3b_2_X_C_sky130_fd_sc_hd__a21o_2_X_B1_sky130_fd_sc_hd__a2bb2o_2_X_B2_sky130_fd_sc_hd__o2bb2a_2_X_B1,77.86µm
filter.x_in\[2\]_sky130_fd_sc_hd__inv_2_A_Y,76.5µm
filter.y_out\[6\],75.66µm
filter.x_in\[0\]_sky130_fd_sc_hd__o21ai_2_A1_Y_sky130_fd_sc_hd__xnor2_2_A_Y_sky130_fd_sc_hd__a21oi_2_A2_A1_sky130_fd_sc_hd__or2_2_X_B,75.48µm
filter.x_in\[0\]_sky130_fd_sc_hd__o21ai_2_A1_Y_sky130_fd_sc_hd__xnor2_2_A_Y_sky130_fd_sc_hd__a21oi_2_A2_A1_sky130_fd_sc_hd__or2_2_X_A,74.86µm
filter.x_in\[9\],74.86µm
filter.x_in\[7\]_sky130_fd_sc_hd__and2_2_A_X_sky130_fd_sc_hd__a22o_2_B2_A2_sky130_fd_sc_hd__o21ai_2_Y_A2,74.84µm
filter.x_in\[9\]_sky130_fd_sc_hd__xnor2_2_A_B_sky130_fd_sc_hd__xor2_2_X_B_sky130_fd_sc_hd__o21ai_2_Y_A1,74.62µm
filter.y_out\[4\]_sky130_fd_sc_hd__dfrtp_2_Q_D_sky130_fd_sc_hd__xnor2_2_Y_B_sky130_fd_sc_hd__nor2_2_Y_A_sky130_fd_sc_hd__and3_2_X_C,74.285µm
filter.x_in\[15\],74.23µm
spi_in.shift_reg\[0\],73.96µm
filter.x_in\[4\]_sky130_fd_sc_hd__xnor2_2_A_B_sky130_fd_sc_hd__a21oi_2_Y_A2_sky130_fd_sc_hd__xnor2_2_Y_B,72.96µm
filter.x_in\[6\]_sky130_fd_sc_hd__and2_2_A_B_sky130_fd_sc_hd__a31o_2_X_B1_sky130_fd_sc_hd__and2_2_X_B_sky130_fd_sc_hd__o22a_2_X_B1_sky130_fd_sc_hd__or3b_2_A_X,72.74µm
filter.x_in\[2\]_sky130_fd_sc_hd__inv_2_A_Y_sky130_fd_sc_hd__o2bb2ai_2_B2_A2_N_sky130_fd_sc_hd__a21o_2_B1_X,71.86µm
filter.x_in\[5\]_sky130_fd_sc_hd__or2_2_A_B_sky130_fd_sc_hd__o21ai_2_Y_A1_sky130_fd_sc_hd__a21oi_2_Y_A2,71.74µm
filter.y_out\[0\]_sky130_fd_sc_hd__dfrtp_2_Q_D_sky130_fd_sc_hd__xor2_2_X_A_sky130_fd_sc_hd__and3b_2_X_C_sky130_fd_sc_hd__a21o_2_X_A2_sky130_fd_sc_hd__o21ai_2_Y_A1,71.62µm
filter.x_in\[4\]_sky130_fd_sc_hd__xnor2_2_A_B,71.16µm
filter.x_in\[0\]_sky130_fd_sc_hd__o21ai_2_A1_Y_sky130_fd_sc_hd__xnor2_2_A_B_sky130_fd_sc_hd__xnor2_2_Y_A_sky130_fd_sc_hd__o21ai_2_Y_B1_sky130_fd_sc_hd__nand2_2_Y_B,71µm
filter.x_in\[10\]_sky130_fd_sc_hd__or2_2_A_B_sky130_fd_sc_hd__xor2_2_X_A,70.68µm
filter.x_in\[6\]_sky130_fd_sc_hd__and2_2_A_X_sky130_fd_sc_hd__xor2_2_A_X_sky130_fd_sc_hd__o21ai_2_B1_Y,69.94µm
filter.x_in\[6\]_sky130_fd_sc_hd__and2_2_A_B,69.36µm
filter.y_out\[0\]_sky130_fd_sc_hd__dfrtp_2_Q_D_sky130_fd_sc_hd__xor2_2_X_B_sky130_fd_sc_hd__xnor2_2_Y_A,69.11µm
filter.x_in\[9\]_sky130_fd_sc_hd__a21o_2_A1_X_sky130_fd_sc_hd__nand2b_2_B_Y_sky130_fd_sc_hd__or3_2_A_X,68.68µm
filter.x_in\[10\]_sky130_fd_sc_hd__or2_2_A_B_sky130_fd_sc_hd__xor2_2_X_B_sky130_fd_sc_hd__a31o_2_X_A3_sky130_fd_sc_hd__xnor2_2_Y_A_sky130_fd_sc_hd__o21ai_2_B1_Y_sky130_fd_sc_hd__xnor2_2_A_B_sky130_fd_sc_hd__and3_2_X_B,68.3µm
filter.x_in\[10\]_sky130_fd_sc_hd__or2_2_A_B_sky130_fd_sc_hd__xor2_2_X_B_sky130_fd_sc_hd__a31o_2_X_A1_sky130_fd_sc_hd__nor2_2_B_A,68.14µm
filter.x_in\[14\]_sky130_fd_sc_hd__inv_2_A_Y_sky130_fd_sc_hd__or2_2_A_X_sky130_fd_sc_hd__and3_2_B_A_sky130_fd_sc_hd__or2_2_X_A_sky130_fd_sc_hd__nand2b_2_Y_B,67.805µm
filter.x_in\[2\]_sky130_fd_sc_hd__inv_2_A_Y_sky130_fd_sc_hd__xnor2_2_A_Y_sky130_fd_sc_hd__xnor2_2_B_A,66.36µm
filter.x_in\[0\]_sky130_fd_sc_hd__xnor2_2_A_Y_sky130_fd_sc_hd__and2_2_B_X_sky130_fd_sc_hd__o32a_2_A3_B1,66.2µm
filter.x_in\[14\]_sky130_fd_sc_hd__inv_2_A_Y_sky130_fd_sc_hd__or2_2_A_B_sky130_fd_sc_hd__a21o_2_X_A1_sky130_fd_sc_hd__or2_2_X_B,65.16µm
filter.x_in\[2\]_sky130_fd_sc_hd__inv_2_A_Y_sky130_fd_sc_hd__o2bb2ai_2_B2_Y,64.42µm
filter.x_in\[0\]_sky130_fd_sc_hd__o21ai_2_A1_Y_sky130_fd_sc_hd__xnor2_2_A_Y_sky130_fd_sc_hd__a21oi_2_A2_Y,63.22µm
filter.x_in\[0\]_sky130_fd_sc_hd__xnor2_2_A_Y_sky130_fd_sc_hd__and2_2_B_X_sky130_fd_sc_hd__o32a_2_A3_X_sky130_fd_sc_hd__nand2b_2_A_N_Y,62.76µm
filter.x_in\[12\],62.44µm
filter.y_out\[0\]_sky130_fd_sc_hd__dfrtp_2_Q_D_sky130_fd_sc_hd__xor2_2_X_B_sky130_fd_sc_hd__xnor2_2_Y_A_sky130_fd_sc_hd__or2_2_X_B_sky130_fd_sc_hd__and3_2_X_B,62.15µm
filter.y_out\[5\]_sky130_fd_sc_hd__dfrtp_2_Q_D_sky130_fd_sc_hd__xor2_2_X_A_sky130_fd_sc_hd__nor2_2_Y_A_sky130_fd_sc_hd__nor3b_2_Y_B,61.91µm
filter.x_in\[2\]_sky130_fd_sc_hd__inv_2_A_Y_sky130_fd_sc_hd__xnor2_2_A_Y_sky130_fd_sc_hd__and2b_2_A_N_X_sky130_fd_sc_hd__a41oi_2_B1_A2,61.85µm
filter.x_in\[6\]_sky130_fd_sc_hd__and2_2_A_X_sky130_fd_sc_hd__a21oi_2_A1_Y,61.54µm
spi_sel_sky130_fd_sc_hd__a21oi_2_B1_Y,61.42µm
spi_in.valid_out_sky130_fd_sc_hd__nand2_2_A_Y,60.84µm
filter.x_in\[4\]_sky130_fd_sc_hd__xnor2_2_A_B_sky130_fd_sc_hd__a21oi_2_Y_A2_sky130_fd_sc_hd__xnor2_2_Y_B_sky130_fd_sc_hd__xnor2_2_B_1_Y,60.02µm
filter.x_in\[10\]_sky130_fd_sc_hd__or2_2_A_B_sky130_fd_sc_hd__xor2_2_X_B_sky130_fd_sc_hd__a31o_2_X_A3_sky130_fd_sc_hd__xnor2_2_Y_A,59.56µm
filter.x_in\[0\]_sky130_fd_sc_hd__xnor2_2_A_Y_sky130_fd_sc_hd__and2_2_B_X_sky130_fd_sc_hd__nor2_2_B_Y_sky130_fd_sc_hd__xor2_2_B_X_sky130_fd_sc_hd__nor2_2_B_A,59.38µm
filter.x_in\[3\]_sky130_fd_sc_hd__a21oi_2_B1_Y_sky130_fd_sc_hd__o31a_2_A3_X_sky130_fd_sc_hd__xnor2_2_A_Y,59.36µm
filter.x_in\[11\]_sky130_fd_sc_hd__nand2_2_A_B,58.84µm
filter.x_in\[6\]_sky130_fd_sc_hd__nor2_2_A_Y_sky130_fd_sc_hd__nor2_2_B_Y_sky130_fd_sc_hd__nor2_2_A_B_sky130_fd_sc_hd__xnor2_2_Y_A,58.585µm
filter.x_in\[12\]_sky130_fd_sc_hd__xnor2_2_A_B,58.54µm
filter.x_in\[8\]_sky130_fd_sc_hd__xnor2_2_A_Y_sky130_fd_sc_hd__xor2_2_A_B_sky130_fd_sc_hd__xnor2_2_Y_A_sky130_fd_sc_hd__xnor2_2_Y_A,58.22µm
filter.x_in\[3\]_sky130_fd_sc_hd__and3_2_A_X,57.7µm
filter.x_in\[10\],57.58µm
filter.x_in\[0\]_sky130_fd_sc_hd__xnor2_2_A_Y_sky130_fd_sc_hd__and2_2_B_X_sky130_fd_sc_hd__o32a_2_A3_B1_sky130_fd_sc_hd__xnor2_2_Y_A_sky130_fd_sc_hd__o21ba_2_X_A1,57.28µm
filter.y_out\[6\]_sky130_fd_sc_hd__dfrtp_2_Q_D_sky130_fd_sc_hd__xnor2_2_Y_B_sky130_fd_sc_hd__xnor2_2_Y_A,56.78µm
filter.x_in\[3\]_sky130_fd_sc_hd__a21oi_2_B1_Y_sky130_fd_sc_hd__o31a_2_A3_A1,56.18µm
filter.y_out\[0\]_sky130_fd_sc_hd__dfrtp_2_Q_D_sky130_fd_sc_hd__xor2_2_X_A_sky130_fd_sc_hd__and3b_2_X_C_sky130_fd_sc_hd__a21o_2_X_A1_sky130_fd_sc_hd__nor2_2_Y_A_sky130_fd_sc_hd__nor2_2_Y_A,55.68µm
filter.y_out\[5\]_sky130_fd_sc_hd__dfrtp_2_Q_D_sky130_fd_sc_hd__xor2_2_X_B_sky130_fd_sc_hd__nand2_2_Y_A,54.94µm
spi_in.shift_reg\[2\],54.38µm
filter.x_in\[10\]_sky130_fd_sc_hd__or2_2_A_B_sky130_fd_sc_hd__xor2_2_X_B_sky130_fd_sc_hd__a31o_2_X_A2_sky130_fd_sc_hd__xor2_2_X_A_sky130_fd_sc_hd__a21o_2_B1_X,54.08µm
net87,53.84µm
filter.x_in\[6\]_sky130_fd_sc_hd__and2_2_A_B_sky130_fd_sc_hd__a31o_2_X_B1_sky130_fd_sc_hd__and2_2_X_B,52.32µm
filter.x_in\[11\]_sky130_fd_sc_hd__nand2_2_A_B_sky130_fd_sc_hd__and2_2_X_B_sky130_fd_sc_hd__nand3_2_Y_C_sky130_fd_sc_hd__a21o_2_B1_X,51.94µm
filter.x_in\[6\]_sky130_fd_sc_hd__and2_2_A_B_sky130_fd_sc_hd__a31o_2_X_B1_sky130_fd_sc_hd__and2_2_X_B_sky130_fd_sc_hd__o22a_2_X_B2,51.88µm
filter.x_in\[12\]_sky130_fd_sc_hd__a21oi_2_A1_B1,51.86µm
spi_in.shift_reg\[4\],51.38µm
filter.x_in\[6\]_sky130_fd_sc_hd__and2_2_A_B_sky130_fd_sc_hd__a31o_2_X_A2_sky130_fd_sc_hd__xnor2_2_A_Y,50.92µm
filter.y_out\[5\]_sky130_fd_sc_hd__dfrtp_2_Q_D_sky130_fd_sc_hd__xor2_2_X_B,49.98µm
filter.x_in\[0\]_sky130_fd_sc_hd__o21ai_2_A1_Y_sky130_fd_sc_hd__and2b_2_A_N_X_sky130_fd_sc_hd__o21ai_2_A2_Y,49.88µm
filter.y_out\[13\]_sky130_fd_sc_hd__dfrtp_2_Q_D_sky130_fd_sc_hd__xnor2_2_Y_B,49.6µm
filter.x_in\[9\]_sky130_fd_sc_hd__a21o_2_A1_X_sky130_fd_sc_hd__xor2_2_B_X_sky130_fd_sc_hd__xnor2_2_A_Y,49.5µm
filter.x_in\[2\]_sky130_fd_sc_hd__inv_2_A_Y_sky130_fd_sc_hd__o2bb2ai_2_B2_Y_sky130_fd_sc_hd__xor2_2_A_X_sky130_fd_sc_hd__xnor2_2_A_Y,48.72µm
filter.x_in\[0\]_sky130_fd_sc_hd__xnor2_2_A_Y_sky130_fd_sc_hd__and2_2_B_X_sky130_fd_sc_hd__nor2_2_B_Y_sky130_fd_sc_hd__xor2_2_B_X_sky130_fd_sc_hd__nor2_2_B_A_sky130_fd_sc_hd__a21boi_2_Y_A1,48.2µm
filter.x_in\[1\],48.2µm
filter.x_in\[5\]_sky130_fd_sc_hd__or2_2_A_B,47.7µm
filter.y_out\[0\]_sky130_fd_sc_hd__dfrtp_2_Q_D_sky130_fd_sc_hd__xor2_2_X_A_sky130_fd_sc_hd__and3b_2_X_B_sky130_fd_sc_hd__o211a_2_X_B1,47.42µm
filter.x_in\[9\]_sky130_fd_sc_hd__xnor2_2_A_B_sky130_fd_sc_hd__xor2_2_X_B_sky130_fd_sc_hd__o21ai_2_Y_A2_sky130_fd_sc_hd__or2_2_X_A,47.36µm
filter.x_in\[3\]_sky130_fd_sc_hd__a21oi_2_B1_Y_sky130_fd_sc_hd__o31a_2_A3_A1_sky130_fd_sc_hd__a21oi_2_Y_A1_sky130_fd_sc_hd__xnor2_2_A_Y_sky130_fd_sc_hd__xnor2_2_A_Y,46.975µm
filter.x_in\[2\]_sky130_fd_sc_hd__inv_2_A_Y_sky130_fd_sc_hd__xnor2_2_A_B_sky130_fd_sc_hd__mux2_1_X_A0,46.58µm
filter.x_in\[13\],46.28µm
filter.x_in\[10\]_sky130_fd_sc_hd__or2_2_A_B_sky130_fd_sc_hd__xor2_2_X_B_sky130_fd_sc_hd__a31o_2_X_A1,46.18µm
net85,45.62µm
filter.y_out\[0\]_sky130_fd_sc_hd__dfrtp_2_Q_D_sky130_fd_sc_hd__xor2_2_X_A_sky130_fd_sc_hd__and3b_2_X_C_sky130_fd_sc_hd__a21o_2_X_B1_sky130_fd_sc_hd__a2bb2o_2_X_A1_N_sky130_fd_sc_hd__o2bb2a_2_X_A1_N,45.52µm
filter.x_in\[13\]_sky130_fd_sc_hd__nand2_2_A_Y_sky130_fd_sc_hd__a21o_2_A2_X,45.36µm
spi_sel_sky130_fd_sc_hd__nor3b_2_A_Y,45.34µm
filter.x_in\[2\]_sky130_fd_sc_hd__inv_2_A_Y_sky130_fd_sc_hd__o2bb2ai_2_B2_A2_N_sky130_fd_sc_hd__a21o_2_B1_A2,44.63µm
net80,44.56µm
filter.x_in\[6\]_sky130_fd_sc_hd__and2_2_A_X_sky130_fd_sc_hd__a21oi_2_A1_A2_sky130_fd_sc_hd__or3_2_X_B,43.96µm
filter.x_in\[7\],43.96µm
filter.x_in\[2\]_sky130_fd_sc_hd__inv_2_A_Y_sky130_fd_sc_hd__xnor2_2_A_Y_sky130_fd_sc_hd__and2b_2_A_N_X_sky130_fd_sc_hd__a41oi_2_B1_Y,43.8µm
filter.x_in\[0\]_sky130_fd_sc_hd__xnor2_2_A_Y_sky130_fd_sc_hd__and2_2_B_X_sky130_fd_sc_hd__o32a_2_A3_B2_sky130_fd_sc_hd__o21a_2_X_B1_sky130_fd_sc_hd__nand2_2_Y_B,43.78µm
filter.y_out\[0\]_sky130_fd_sc_hd__dfrtp_2_Q_D_sky130_fd_sc_hd__xor2_2_X_A_sky130_fd_sc_hd__and3b_2_X_C_sky130_fd_sc_hd__a21o_2_X_B1_sky130_fd_sc_hd__a2bb2o_2_X_B1_sky130_fd_sc_hd__a2bb2o_2_X_B2_sky130_fd_sc_hd__o32a_2_X_A2_sky130_fd_sc_hd__nor3_2_Y_C_sky130_fd_sc_hd__and3b_2_X_B,43.66µm
filter.x_in\[0\]_sky130_fd_sc_hd__xnor2_2_A_Y_sky130_fd_sc_hd__and2_2_B_X_sky130_fd_sc_hd__o32a_2_A3_B2_sky130_fd_sc_hd__o21a_2_X_B1_sky130_fd_sc_hd__nand2_2_Y_A_sky130_fd_sc_hd__and3_2_X_B,43.42µm
filter.x_in\[8\]_sky130_fd_sc_hd__xnor2_2_A_Y_sky130_fd_sc_hd__xor2_2_A_B_sky130_fd_sc_hd__xnor2_2_Y_B,41.9µm
net71,41.86µm
filter.x_in\[11\]_sky130_fd_sc_hd__nand2_2_A_Y_sky130_fd_sc_hd__a211o_2_A2_X,41.82µm
filter.x_in\[7\]_sky130_fd_sc_hd__and2_2_A_X_sky130_fd_sc_hd__a22o_2_B2_X_sky130_fd_sc_hd__and2b_2_B_X_sky130_fd_sc_hd__inv_2_A_Y,41.74µm
filter.y_out\[0\]_sky130_fd_sc_hd__dfrtp_2_Q_D_sky130_fd_sc_hd__xor2_2_X_A_sky130_fd_sc_hd__and3b_2_X_C_sky130_fd_sc_hd__a21o_2_X_A2_sky130_fd_sc_hd__o21ai_2_Y_B1_sky130_fd_sc_hd__or2_2_X_A,41.7µm
filter.y_out\[15\]_sky130_fd_sc_hd__dfrtp_2_Q_D_sky130_fd_sc_hd__and3_2_X_B_sky130_fd_sc_hd__a21boi_2_Y_A1,41.24µm
spi_out.bit_cnt\[1\]_sky130_fd_sc_hd__and3_2_A_X,41.08µm
filter.x_in\[9\]_sky130_fd_sc_hd__xnor2_2_A_B_sky130_fd_sc_hd__xor2_2_X_A_sky130_fd_sc_hd__xnor2_2_Y_A,41.04µm
filter.x_in\[0\]_sky130_fd_sc_hd__xnor2_2_A_Y_sky130_fd_sc_hd__and2_2_B_X_sky130_fd_sc_hd__o32a_2_A3_B2_sky130_fd_sc_hd__o21a_2_X_A2_sky130_fd_sc_hd__xor2_2_B_X_sky130_fd_sc_hd__xor2_2_B_A,40.54µm
net4,40.24µm
filter.y_out\[11\]_sky130_fd_sc_hd__dfrtp_2_Q_D_sky130_fd_sc_hd__xnor2_2_Y_B_sky130_fd_sc_hd__o21ai_2_Y_B1,40.2µm
spi_in.shift_reg\[13\],39.98µm
filter.x_in\[8\]_sky130_fd_sc_hd__xnor2_2_A_Y_sky130_fd_sc_hd__xor2_2_A_B_sky130_fd_sc_hd__xnor2_2_Y_A,39.78µm
filter.x_in\[11\]_sky130_fd_sc_hd__nand2_2_A_B_sky130_fd_sc_hd__and2_2_X_B_sky130_fd_sc_hd__nand3_2_Y_A_sky130_fd_sc_hd__nand2_2_Y_B,39.52µm
filter.x_in\[10\]_sky130_fd_sc_hd__or2_2_A_B_sky130_fd_sc_hd__xor2_2_X_B_sky130_fd_sc_hd__a31o_2_X_A2,39.2µm
filter.x_in\[14\]_sky130_fd_sc_hd__inv_2_A_Y_sky130_fd_sc_hd__or2_2_A_X_sky130_fd_sc_hd__a21oi_2_A2_Y,38.48µm
filter.x_in\[0\]_sky130_fd_sc_hd__xnor2_2_A_Y,38.24µm
filter.x_in\[6\]_sky130_fd_sc_hd__and2_2_A_B_sky130_fd_sc_hd__a31o_2_X_B1_sky130_fd_sc_hd__and2_2_X_B_sky130_fd_sc_hd__o22a_2_X_B1,38.22µm
net81,38.08µm
spi_out.bit_cnt\[0\],37.9µm
net75,37.88µm
filter.y_out\[0\]_sky130_fd_sc_hd__dfrtp_2_Q_D_sky130_fd_sc_hd__xor2_2_X_A_sky130_fd_sc_hd__and3b_2_X_C_sky130_fd_sc_hd__a21o_2_X_A2_sky130_fd_sc_hd__o21ai_2_Y_B1_sky130_fd_sc_hd__or2_2_X_A_sky130_fd_sc_hd__a21oi_2_Y_A1_sky130_fd_sc_hd__and2_2_X_B_sky130_fd_sc_hd__nand2_2_B_Y,37.4µm
filter.y_out\[0\]_sky130_fd_sc_hd__dfrtp_2_Q_D_sky130_fd_sc_hd__xor2_2_X_A_sky130_fd_sc_hd__and3b_2_X_B_sky130_fd_sc_hd__o211a_2_X_C1_sky130_fd_sc_hd__or3_2_X_A_sky130_fd_sc_hd__and2b_2_X_B,37.24µm
filter.x_in\[12\]_sky130_fd_sc_hd__xnor2_2_A_B_sky130_fd_sc_hd__xnor2_2_Y_B,36.66µm
filter.x_in\[5\]_sky130_fd_sc_hd__or2_2_A_X_sky130_fd_sc_hd__and2_2_B_X_sky130_fd_sc_hd__xnor2_2_A_B,35.6µm
net74,35.52µm
filter.y_out\[0\]_sky130_fd_sc_hd__dfrtp_2_Q_D_sky130_fd_sc_hd__xor2_2_X_A_sky130_fd_sc_hd__and3b_2_X_C_sky130_fd_sc_hd__a21o_2_X_B1_sky130_fd_sc_hd__a2bb2o_2_X_A1_N_sky130_fd_sc_hd__o2bb2a_2_X_A1_N_sky130_fd_sc_hd__a32o_2_X_A2,35.24µm
spi_in.shift_reg\[5\],35.12µm
filter.x_in\[5\]_sky130_fd_sc_hd__or2_2_A_X_sky130_fd_sc_hd__and2_2_B_X_sky130_fd_sc_hd__a22o_2_A1_B1,34.5µm
filter.x_in\[9\]_sky130_fd_sc_hd__xnor2_2_A_B_sky130_fd_sc_hd__xor2_2_X_B_sky130_fd_sc_hd__o21ai_2_Y_A1_sky130_fd_sc_hd__xnor2_2_Y_B_sky130_fd_sc_hd__xor2_2_X_A,34.41µm
filter.x_in\[4\]_sky130_fd_sc_hd__xnor2_2_A_Y_sky130_fd_sc_hd__xnor2_2_B_Y_sky130_fd_sc_hd__o21a_2_A1_B1,34.34µm
filter.x_in\[11\]_sky130_fd_sc_hd__xnor2_2_A_Y_sky130_fd_sc_hd__a21o_2_B1_X_sky130_fd_sc_hd__or2_2_A_X,34.3µm
filter.y_out\[8\]_sky130_fd_sc_hd__dfrtp_2_Q_D_sky130_fd_sc_hd__xnor2_2_Y_A_sky130_fd_sc_hd__xnor2_2_Y_B,34.26µm
filter.y_out\[2\]_sky130_fd_sc_hd__dfrtp_2_Q_D,33.72µm
filter.y_out\[11\]_sky130_fd_sc_hd__dfrtp_2_Q_D_sky130_fd_sc_hd__xnor2_2_Y_B,33.58µm
filter.x_in\[8\],33.52µm
filter.x_in\[8\]_sky130_fd_sc_hd__and2_2_A_X_sky130_fd_sc_hd__a21oi_2_A1_Y,33.52µm
filter.y_out\[12\]_sky130_fd_sc_hd__dfrtp_2_Q_D_sky130_fd_sc_hd__xnor2_2_Y_A_sky130_fd_sc_hd__xnor2_2_Y_A,33.46µm
filter.y_out\[0\]_sky130_fd_sc_hd__dfrtp_2_Q_D_sky130_fd_sc_hd__xor2_2_X_A_sky130_fd_sc_hd__and3b_2_X_B_sky130_fd_sc_hd__o211a_2_X_C1_sky130_fd_sc_hd__or3_2_X_A_sky130_fd_sc_hd__and2b_2_X_B_sky130_fd_sc_hd__a22o_2_X_B1_sky130_fd_sc_hd__nor2_2_Y_B,33.36µm
filter.x_in\[10\]_sky130_fd_sc_hd__or2_2_A_B_sky130_fd_sc_hd__xor2_2_X_B_sky130_fd_sc_hd__a31o_2_X_A2_sky130_fd_sc_hd__xor2_2_X_A,33.34µm
filter.x_in\[8\]_sky130_fd_sc_hd__xnor2_2_A_Y_sky130_fd_sc_hd__xor2_2_A_B_sky130_fd_sc_hd__xnor2_2_Y_B_sky130_fd_sc_hd__a22o_2_X_A2,33.34µm
filter.y_out\[2\]_sky130_fd_sc_hd__dfrtp_2_Q_D_sky130_fd_sc_hd__xor2_2_X_A_sky130_fd_sc_hd__xor2_2_X_B_sky130_fd_sc_hd__xnor2_2_Y_A,33.32µm
filter.y_out\[0\]_sky130_fd_sc_hd__dfrtp_2_Q_D_sky130_fd_sc_hd__xor2_2_X_A_sky130_fd_sc_hd__and3b_2_X_C_sky130_fd_sc_hd__a21o_2_X_B1,33.22µm
filter.x_in\[11\]_sky130_fd_sc_hd__nand2_2_A_Y,33.1µm
filter.y_out\[13\]_sky130_fd_sc_hd__dfrtp_2_Q_D_sky130_fd_sc_hd__xnor2_2_Y_B_sky130_fd_sc_hd__o31a_2_X_A2,32.92µm
filter.x_in\[2\]_sky130_fd_sc_hd__inv_2_A_Y_sky130_fd_sc_hd__xnor2_2_A_Y_sky130_fd_sc_hd__xnor2_2_B_A_sky130_fd_sc_hd__o21ai_2_Y_A1,32.9µm
filter.y_out\[4\]_sky130_fd_sc_hd__dfrtp_2_Q_D_sky130_fd_sc_hd__xnor2_2_Y_B_sky130_fd_sc_hd__nor2_2_Y_A,32.64µm
filter.x_in\[12\]_sky130_fd_sc_hd__a21oi_2_A1_Y_sky130_fd_sc_hd__xnor2_2_B_Y,32.49µm
net78,32.32µm
filter.x_in\[14\]_sky130_fd_sc_hd__inv_2_A_Y_sky130_fd_sc_hd__or2_2_A_X_sky130_fd_sc_hd__and3_2_B_A,31.76µm
filter.y_out\[0\]_sky130_fd_sc_hd__dfrtp_2_Q_D_sky130_fd_sc_hd__xor2_2_X_A_sky130_fd_sc_hd__and3b_2_X_B,31.76µm
filter.y_out\[10\]_sky130_fd_sc_hd__dfrtp_2_Q_D_sky130_fd_sc_hd__xor2_2_X_B_sky130_fd_sc_hd__xnor2_2_Y_A,31.72µm
filter.x_in\[6\]_sky130_fd_sc_hd__and2_2_A_X_sky130_fd_sc_hd__xor2_2_A_X,31.52µm
filter.x_in\[0\],31.3µm
filter.y_out\[12\]_sky130_fd_sc_hd__dfrtp_2_Q_D_sky130_fd_sc_hd__xnor2_2_Y_A_sky130_fd_sc_hd__xnor2_2_Y_B,31.04µm
filter.x_in\[9\]_sky130_fd_sc_hd__xnor2_2_A_B_sky130_fd_sc_hd__xor2_2_X_B,30.9µm
filter.x_in\[7\]_sky130_fd_sc_hd__and2_2_A_X_sky130_fd_sc_hd__a22o_2_B2_X,30.88µm
filter.x_in\[2\]_sky130_fd_sc_hd__inv_2_A_Y_sky130_fd_sc_hd__xnor2_2_A_Y_sky130_fd_sc_hd__xnor2_2_B_Y_sky130_fd_sc_hd__xnor2_2_B_Y_sky130_fd_sc_hd__nand2_2_A_Y,30.8µm
filter.x_in\[7\]_sky130_fd_sc_hd__and2_2_A_X_sky130_fd_sc_hd__a22o_2_B2_A2,30.72µm
filter.y_out\[6\]_sky130_fd_sc_hd__dfrtp_2_Q_D_sky130_fd_sc_hd__xnor2_2_Y_B,30.72µm
filter.y_out\[0\]_sky130_fd_sc_hd__dfrtp_2_Q_D_sky130_fd_sc_hd__xor2_2_X_A_sky130_fd_sc_hd__and3b_2_X_C_sky130_fd_sc_hd__a21o_2_X_B1_sky130_fd_sc_hd__a2bb2o_2_X_A1_N_sky130_fd_sc_hd__o2bb2a_2_X_A1_N_sky130_fd_sc_hd__a32o_2_X_A3_sky130_fd_sc_hd__inv_2_Y_A,30.655µm
filter.y_out\[2\]_sky130_fd_sc_hd__dfrtp_2_Q_D_sky130_fd_sc_hd__xor2_2_X_A_sky130_fd_sc_hd__xor2_2_X_B_sky130_fd_sc_hd__xnor2_2_Y_B,30.48µm
spi_out.bit_cnt\[4\]_sky130_fd_sc_hd__o21a_2_B1_A2,30.46µm
filter.y_out\[1\]_sky130_fd_sc_hd__dfrtp_2_Q_D_sky130_fd_sc_hd__xor2_2_X_B,30.38µm
net86,30.34µm
filter.x_in\[0\]_sky130_fd_sc_hd__xnor2_2_A_Y_sky130_fd_sc_hd__and2_2_B_X_sky130_fd_sc_hd__o32a_2_A3_X_sky130_fd_sc_hd__nand2b_2_A_N_Y_sky130_fd_sc_hd__a21oi_2_A1_Y,30.24µm
filter.x_in\[5\]_sky130_fd_sc_hd__or2_2_A_X_sky130_fd_sc_hd__and2_2_B_X_sky130_fd_sc_hd__xnor2_2_A_Y,29.96µm
spi_in.bit_cnt\[1\]_sky130_fd_sc_hd__and3_2_A_X,29.9µm
filter.x_in\[11\],29.66µm
spi_out.bit_cnt\[2\],29.52µm
filter.x_in\[11\]_sky130_fd_sc_hd__nand2_2_A_B_sky130_fd_sc_hd__and2_2_X_B_sky130_fd_sc_hd__nand3_2_Y_A_sky130_fd_sc_hd__nand2_2_Y_A,29.5µm
filter.x_in\[2\]_sky130_fd_sc_hd__inv_2_A_Y_sky130_fd_sc_hd__o2bb2ai_2_B2_Y_sky130_fd_sc_hd__xor2_2_A_X_sky130_fd_sc_hd__a21o_2_A1_X,29.4µm
spi_in.shift_reg\[9\],29.4µm
filter.x_in\[14\]_sky130_fd_sc_hd__inv_2_A_Y_sky130_fd_sc_hd__or2_2_A_B_sky130_fd_sc_hd__a21o_2_X_B1_sky130_fd_sc_hd__and2_2_A_B,29.04µm
filter.y_out\[15\]_sky130_fd_sc_hd__dfrtp_2_Q_D_sky130_fd_sc_hd__and3_2_X_A,28.98µm
filter.x_in\[10\]_sky130_fd_sc_hd__or2_2_A_B_sky130_fd_sc_hd__xor2_2_X_B_sky130_fd_sc_hd__a31o_2_X_A3,28.86µm
filter.y_out\[0\]_sky130_fd_sc_hd__dfrtp_2_Q_D_sky130_fd_sc_hd__xor2_2_X_A_sky130_fd_sc_hd__and3b_2_X_C_sky130_fd_sc_hd__a21o_2_X_B1_sky130_fd_sc_hd__a2bb2o_2_X_A1_N_sky130_fd_sc_hd__o2bb2a_2_X_A1_N_sky130_fd_sc_hd__a32o_2_X_A2_sky130_fd_sc_hd__and4_2_B_X,28.8µm
filter.y_out\[0\]_sky130_fd_sc_hd__dfrtp_2_Q_D_sky130_fd_sc_hd__xor2_2_X_A_sky130_fd_sc_hd__and3b_2_X_C,28.72µm
filter.x_in\[12\]_sky130_fd_sc_hd__a21oi_2_A1_Y,28.6µm
filter.y_out\[15\]_sky130_fd_sc_hd__dfrtp_2_Q_D_sky130_fd_sc_hd__and3_2_X_C_sky130_fd_sc_hd__a21o_2_X_A2,28.16µm
filter.x_in\[6\]_sky130_fd_sc_hd__and2_2_A_X,28.12µm
filter.x_in\[4\]_sky130_fd_sc_hd__xnor2_2_A_Y_sky130_fd_sc_hd__xnor2_2_B_Y_sky130_fd_sc_hd__xnor2_2_A_B,28.02µm
filter.y_out\[0\]_sky130_fd_sc_hd__dfrtp_2_Q_D_sky130_fd_sc_hd__xor2_2_X_A_sky130_fd_sc_hd__and3b_2_X_C_sky130_fd_sc_hd__a21o_2_X_B1_sky130_fd_sc_hd__a2bb2o_2_X_B1_sky130_fd_sc_hd__a2bb2o_2_X_B2_sky130_fd_sc_hd__o32a_2_X_A3,28.02µm
spi_out.bit_cnt\[4\]_sky130_fd_sc_hd__nor2_2_A_Y,27.94µm
filter.x_in\[10\]_sky130_fd_sc_hd__or2_2_A_B_sky130_fd_sc_hd__xor2_2_X_B_sky130_fd_sc_hd__a31o_2_X_A3_sky130_fd_sc_hd__xnor2_2_Y_A_sky130_fd_sc_hd__o21ai_2_B1_Y_sky130_fd_sc_hd__xnor2_2_A_B,27.78µm
filter.x_in\[0\]_sky130_fd_sc_hd__o21ai_2_A1_Y_sky130_fd_sc_hd__and2b_2_A_N_X_sky130_fd_sc_hd__or3_2_C_X_sky130_fd_sc_hd__and2_2_B_X,27.68µm
filter.x_in\[7\]_sky130_fd_sc_hd__and2_2_A_X_sky130_fd_sc_hd__xnor2_2_A_Y,27.68µm
filter.y_out\[2\]_sky130_fd_sc_hd__dfrtp_2_Q_D_sky130_fd_sc_hd__xor2_2_X_A_sky130_fd_sc_hd__xor2_2_X_B,27.64µm
filter.y_out\[9\]_sky130_fd_sc_hd__dfrtp_2_Q_D_sky130_fd_sc_hd__xor2_2_X_B,27.62µm
filter.x_in\[8\]_sky130_fd_sc_hd__and2_2_A_B,27.6µm
filter.x_in\[9\]_sky130_fd_sc_hd__a21o_2_A1_X,27.555µm
filter.x_in\[12\]_sky130_fd_sc_hd__a21oi_2_A1_B1_sky130_fd_sc_hd__and3_2_X_B_sky130_fd_sc_hd__a22o_2_X_A1_sky130_fd_sc_hd__xnor2_2_A_B,27.515µm
filter.x_in\[6\]_sky130_fd_sc_hd__and2_2_A_B_sky130_fd_sc_hd__a31o_2_X_B1_sky130_fd_sc_hd__and2_2_X_B_sky130_fd_sc_hd__o22a_2_X_B2_sky130_fd_sc_hd__nand2b_2_Y_A_N_sky130_fd_sc_hd__nand2_2_B_Y_sky130_fd_sc_hd__a21o_2_A2_A1,27.5µm
filter.x_in\[2\]_sky130_fd_sc_hd__inv_2_A_Y_sky130_fd_sc_hd__o2bb2ai_2_B2_A2_N,27.36µm
spi_out.bit_cnt\[3\]_sky130_fd_sc_hd__or4_2_A_X,27.14µm
filter.y_out\[15\]_sky130_fd_sc_hd__dfrtp_2_Q_D_sky130_fd_sc_hd__and3_2_X_C_sky130_fd_sc_hd__a21o_2_X_B1,27.1µm
filter.x_in\[7\]_sky130_fd_sc_hd__and2_2_A_B,27.06µm
filter.x_in\[6\]_sky130_fd_sc_hd__and2_2_A_B_sky130_fd_sc_hd__a31o_2_X_A3_sky130_fd_sc_hd__a21o_2_X_A2,26.705µm
filter.x_in\[13\]_sky130_fd_sc_hd__or2_2_A_X_sky130_fd_sc_hd__nand2_2_A_Y,26.6µm
filter.x_in\[0\]_sky130_fd_sc_hd__xnor2_2_A_Y_sky130_fd_sc_hd__nor2_2_B_Y,26.5µm
filter.y_out\[5\]_sky130_fd_sc_hd__dfrtp_2_Q_D_sky130_fd_sc_hd__xor2_2_X_A_sky130_fd_sc_hd__nor2_2_Y_A,26.48µm
filter.x_in\[7\]_sky130_fd_sc_hd__and2_2_A_X,26.36µm
filter.x_in\[6\]_sky130_fd_sc_hd__nor2_2_A_Y_sky130_fd_sc_hd__nor2_2_B_Y_sky130_fd_sc_hd__and2_2_A_X,26.14µm
filter.x_in\[5\]_sky130_fd_sc_hd__or2_2_A_B_sky130_fd_sc_hd__o21ai_2_Y_A1,26.1µm
filter.x_in\[10\]_sky130_fd_sc_hd__or2_2_A_B_sky130_fd_sc_hd__xor2_2_X_B_sky130_fd_sc_hd__a31o_2_X_A3_sky130_fd_sc_hd__xnor2_2_Y_A_sky130_fd_sc_hd__o21ai_2_B1_Y,25.92µm
filter.y_out\[0\]_sky130_fd_sc_hd__dfrtp_2_Q_D_sky130_fd_sc_hd__xor2_2_X_A_sky130_fd_sc_hd__and3b_2_X_C_sky130_fd_sc_hd__a21o_2_X_A2,25.92µm
filter.x_in\[0\]_sky130_fd_sc_hd__o21ai_2_A1_Y_sky130_fd_sc_hd__xnor2_2_A_Y,25.84µm
filter.y_out\[2\]_sky130_fd_sc_hd__dfrtp_2_Q_D_sky130_fd_sc_hd__xor2_2_X_A_sky130_fd_sc_hd__xor2_2_X_A_sky130_fd_sc_hd__nand2_2_Y_B,25.84µm
filter.x_in\[8\]_sky130_fd_sc_hd__xnor2_2_A_Y_sky130_fd_sc_hd__xor2_2_A_B,25.78µm
filter.y_out\[2\]_sky130_fd_sc_hd__dfrtp_2_Q_D_sky130_fd_sc_hd__xor2_2_X_B_sky130_fd_sc_hd__a21bo_2_X_B1_N,25.72µm
filter.y_out\[6\]_sky130_fd_sc_hd__dfrtp_2_Q_D_sky130_fd_sc_hd__xnor2_2_Y_B_sky130_fd_sc_hd__o311a_2_A2_C1,25.48µm
filter.y_out\[3\]_sky130_fd_sc_hd__dfrtp_2_Q_D_sky130_fd_sc_hd__nor2_2_Y_B_sky130_fd_sc_hd__and2b_2_X_B,25.22µm
filter.x_in\[2\]_sky130_fd_sc_hd__inv_2_A_Y_sky130_fd_sc_hd__xnor2_2_A_Y_sky130_fd_sc_hd__xnor2_2_B_A_sky130_fd_sc_hd__o21ai_2_Y_A2,25.07µm
filter.x_in\[14\]_sky130_fd_sc_hd__inv_2_A_Y_sky130_fd_sc_hd__or2_2_A_B_sky130_fd_sc_hd__a21o_2_X_A1,24.86µm
filter.x_in\[11\]_sky130_fd_sc_hd__xnor2_2_A_Y_sky130_fd_sc_hd__a21o_2_B1_X,24.78µm
filter.x_in\[3\]_sky130_fd_sc_hd__a21oi_2_B1_Y_sky130_fd_sc_hd__o31a_2_A3_A1_sky130_fd_sc_hd__a21oi_2_Y_A1_sky130_fd_sc_hd__xnor2_2_A_Y,24.72µm
filter.x_in\[7\]_sky130_fd_sc_hd__and2_2_A_X_sky130_fd_sc_hd__a22o_2_B2_X_sky130_fd_sc_hd__xnor2_2_A_Y,24.66µm
filter.x_in\[0\]_sky130_fd_sc_hd__xnor2_2_A_Y_sky130_fd_sc_hd__and2_2_B_X_sky130_fd_sc_hd__o32a_2_A3_X,24.64µm
filter.x_in\[4\]_sky130_fd_sc_hd__and2b_2_B_X_sky130_fd_sc_hd__a21o_2_B1_X_sky130_fd_sc_hd__xnor2_2_A_Y,24.62µm
spi_in.shift_reg\[1\],24.52µm
filter.y_out\[5\]_sky130_fd_sc_hd__dfrtp_2_Q_D_sky130_fd_sc_hd__xor2_2_X_B_sky130_fd_sc_hd__nand2_2_Y_A_sky130_fd_sc_hd__or2_2_X_A,24.48µm
filter.x_in\[9\]_sky130_fd_sc_hd__xnor2_2_A_B_sky130_fd_sc_hd__xor2_2_X_A_sky130_fd_sc_hd__xnor2_2_Y_A_sky130_fd_sc_hd__a21o_2_X_B1,24.44µm
filter.y_out\[0\]_sky130_fd_sc_hd__dfrtp_2_Q_D_sky130_fd_sc_hd__xor2_2_X_A_sky130_fd_sc_hd__and3b_2_X_C_sky130_fd_sc_hd__a21o_2_X_B1_sky130_fd_sc_hd__a2bb2o_2_X_A1_N_sky130_fd_sc_hd__o2bb2a_2_X_B1,24.3µm
filter.y_out\[0\]_sky130_fd_sc_hd__dfrtp_2_Q_D_sky130_fd_sc_hd__xor2_2_X_A,24.28µm
spi_out.bit_cnt\[3\]_sky130_fd_sc_hd__and3_2_A_X,24.26µm
filter.x_in\[6\]_sky130_fd_sc_hd__and2_2_A_B_sky130_fd_sc_hd__a31o_2_X_B1_sky130_fd_sc_hd__and2_2_X_B_sky130_fd_sc_hd__o22a_2_X_B2_sky130_fd_sc_hd__nand2b_2_Y_A_N_sky130_fd_sc_hd__and2_2_B_X_sky130_fd_sc_hd__a21o_2_A2_X,24.105µm
filter.y_out\[10\]_sky130_fd_sc_hd__dfrtp_2_Q_D_sky130_fd_sc_hd__xor2_2_X_A,23.96µm
filter.x_in\[12\]_sky130_fd_sc_hd__a21oi_2_A1_B1_sky130_fd_sc_hd__and3_2_X_B_sky130_fd_sc_hd__a22o_2_X_B1,23.885µm
filter.y_out\[8\]_sky130_fd_sc_hd__dfrtp_2_Q_D_sky130_fd_sc_hd__xnor2_2_Y_A,23.88µm
filter.y_out\[15\]_sky130_fd_sc_hd__dfrtp_2_Q_D_sky130_fd_sc_hd__and3_2_X_B_sky130_fd_sc_hd__a21boi_2_Y_A2_sky130_fd_sc_hd__o21ai_2_Y_A1,23.3µm
filter.x_in\[9\]_sky130_fd_sc_hd__a21o_2_A1_X_sky130_fd_sc_hd__nand2b_2_B_Y,23.18µm
filter.y_out\[15\]_sky130_fd_sc_hd__dfrtp_2_Q_D_sky130_fd_sc_hd__and3_2_X_C_sky130_fd_sc_hd__a21o_2_X_A1,23µm
filter.x_in\[12\]_sky130_fd_sc_hd__a21oi_2_A1_Y_sky130_fd_sc_hd__or3_2_B_C,22.96µm
filter.x_in\[11\]_sky130_fd_sc_hd__xnor2_2_A_Y_sky130_fd_sc_hd__nand3_2_C_Y_sky130_fd_sc_hd__nand2_2_B_Y,22.94µm
filter.x_in\[5\]_sky130_fd_sc_hd__or2_2_A_X_sky130_fd_sc_hd__and2_2_B_X,22.94µm
filter.x_in\[12\]_sky130_fd_sc_hd__xnor2_2_A_B_sky130_fd_sc_hd__xnor2_2_Y_B_sky130_fd_sc_hd__a31o_2_X_B1_sky130_fd_sc_hd__and2b_2_X_B,22.92µm
filter.y_out\[7\]_sky130_fd_sc_hd__dfrtp_2_Q_D_sky130_fd_sc_hd__xnor2_2_Y_A_sky130_fd_sc_hd__nand2_2_Y_A_sky130_fd_sc_hd__or2_2_X_A,22.64µm
filter.x_in\[0\]_sky130_fd_sc_hd__o21ai_2_A1_Y_sky130_fd_sc_hd__xnor2_2_A_Y_sky130_fd_sc_hd__a21oi_2_A2_Y_sky130_fd_sc_hd__nor2_2_B_Y_sky130_fd_sc_hd__a21oi_2_B1_Y,22.62µm
filter.x_in\[8\]_sky130_fd_sc_hd__xnor2_2_A_Y_sky130_fd_sc_hd__o21ai_2_A1_Y,22.62µm
filter.x_in\[3\]_sky130_fd_sc_hd__a21oi_2_B1_Y_sky130_fd_sc_hd__o31a_2_A3_X_sky130_fd_sc_hd__xnor2_2_A_Y_sky130_fd_sc_hd__nand3_2_C_B,22.54µm
filter.x_in\[4\]_sky130_fd_sc_hd__xnor2_2_A_Y_sky130_fd_sc_hd__xnor2_2_B_Y_sky130_fd_sc_hd__o21a_2_A1_X,22.5µm
filter.y_out\[0\]_sky130_fd_sc_hd__dfrtp_2_Q_D_sky130_fd_sc_hd__xor2_2_X_A_sky130_fd_sc_hd__and3b_2_X_C_sky130_fd_sc_hd__a21o_2_X_B1_sky130_fd_sc_hd__a2bb2o_2_X_A1_N_sky130_fd_sc_hd__o2bb2a_2_X_A1_N_sky130_fd_sc_hd__a32o_2_X_B1,22.47µm
filter.x_in\[13\]_sky130_fd_sc_hd__or2_2_A_B_sky130_fd_sc_hd__and2_2_X_A,22.38µm
filter.x_in\[6\]_sky130_fd_sc_hd__and2_2_A_B_sky130_fd_sc_hd__a31o_2_X_B1_sky130_fd_sc_hd__and2_2_X_B_sky130_fd_sc_hd__o22a_2_X_B2_sky130_fd_sc_hd__nand2b_2_Y_A_N_sky130_fd_sc_hd__and2_2_B_X_sky130_fd_sc_hd__o211a_2_A1_X_sky130_fd_sc_hd__o31ai_2_A1_A2,22.13µm
spi_out.shift_reg\[4\],22.08µm
filter.y_out\[0\]_sky130_fd_sc_hd__dfrtp_2_Q_D_sky130_fd_sc_hd__xor2_2_X_A_sky130_fd_sc_hd__and3b_2_X_C_sky130_fd_sc_hd__a21o_2_X_B1_sky130_fd_sc_hd__a2bb2o_2_X_B1_sky130_fd_sc_hd__a2bb2o_2_X_B2_sky130_fd_sc_hd__o32a_2_X_A2,21.88µm
filter.y_out\[11\]_sky130_fd_sc_hd__dfrtp_2_Q_D_sky130_fd_sc_hd__xnor2_2_Y_B_sky130_fd_sc_hd__o21ai_2_Y_B1_sky130_fd_sc_hd__or2_2_X_B,21.72µm
filter.x_in\[10\]_sky130_fd_sc_hd__or2_2_A_X_sky130_fd_sc_hd__nand2_2_A_Y,21.7µm
spi_in.shift_reg\[8\],21.7µm
filter.x_in\[6\]_sky130_fd_sc_hd__and2_2_A_B_sky130_fd_sc_hd__a31o_2_X_B1_sky130_fd_sc_hd__and2_2_X_B_sky130_fd_sc_hd__o22a_2_X_B2_sky130_fd_sc_hd__nand2b_2_Y_A_N_sky130_fd_sc_hd__and2_2_B_X_sky130_fd_sc_hd__o211a_2_A1_X_sky130_fd_sc_hd__o31ai_2_A1_A3,21.66µm
filter.x_in\[10\]_sky130_fd_sc_hd__or2_2_A_B_sky130_fd_sc_hd__xor2_2_X_A_sky130_fd_sc_hd__and2_2_X_A_sky130_fd_sc_hd__or2_2_X_A_sky130_fd_sc_hd__o21ba_2_X_B1_N,21.54µm
filter.y_out\[0\]_sky130_fd_sc_hd__dfrtp_2_Q_D_sky130_fd_sc_hd__xor2_2_X_A_sky130_fd_sc_hd__and3b_2_X_C_sky130_fd_sc_hd__a21o_2_X_B1_sky130_fd_sc_hd__a2bb2o_2_X_B1_sky130_fd_sc_hd__a2bb2o_2_X_B1_sky130_fd_sc_hd__or3_2_X_C,21.54µm
filter.x_in\[11\]_sky130_fd_sc_hd__nand2_2_A_B_sky130_fd_sc_hd__and2_2_X_B_sky130_fd_sc_hd__nand3_2_Y_C_sky130_fd_sc_hd__xor2_2_X_A,21.48µm
filter.x_in\[8\]_sky130_fd_sc_hd__xnor2_2_A_Y_sky130_fd_sc_hd__o21ai_2_A1_B1,21.48µm
filter.x_in\[11\]_sky130_fd_sc_hd__nand2_2_A_B_sky130_fd_sc_hd__and2_2_X_B_sky130_fd_sc_hd__nand3_2_Y_C,21.46µm
filter.y_out\[0\]_sky130_fd_sc_hd__dfrtp_2_Q_D_sky130_fd_sc_hd__xor2_2_X_A_sky130_fd_sc_hd__and3b_2_X_C_sky130_fd_sc_hd__a21o_2_X_A2_sky130_fd_sc_hd__o21ai_2_Y_B1_sky130_fd_sc_hd__or2_2_X_A_sky130_fd_sc_hd__a21oi_2_Y_A1,21.46µm
filter.x_in\[8\]_sky130_fd_sc_hd__and2_2_A_X,21.28µm
filter.x_in\[0\]_sky130_fd_sc_hd__xnor2_2_A_Y_sky130_fd_sc_hd__and2_2_B_X_sky130_fd_sc_hd__o32a_2_A3_B2_sky130_fd_sc_hd__o21a_2_X_B1_sky130_fd_sc_hd__nand2_2_Y_A,21.24µm
filter.y_out\[0\]_sky130_fd_sc_hd__dfrtp_2_Q_D_sky130_fd_sc_hd__xor2_2_X_A_sky130_fd_sc_hd__and3b_2_X_B_sky130_fd_sc_hd__o211a_2_X_C1_sky130_fd_sc_hd__or3_2_X_A_sky130_fd_sc_hd__and2b_2_X_B_sky130_fd_sc_hd__a22o_2_X_A2_sky130_fd_sc_hd__xnor2_2_Y_A,21.24µm
filter.y_out\[11\]_sky130_fd_sc_hd__dfrtp_2_Q_D_sky130_fd_sc_hd__xnor2_2_Y_A_sky130_fd_sc_hd__xor2_2_X_B,21.24µm
filter.x_in\[14\]_sky130_fd_sc_hd__inv_2_A_Y,21.22µm
filter.x_in\[10\]_sky130_fd_sc_hd__or2_2_A_B_sky130_fd_sc_hd__xor2_2_X_A_sky130_fd_sc_hd__and2_2_X_A_sky130_fd_sc_hd__or2_2_X_A,21.04µm
filter.x_in\[2\]_sky130_fd_sc_hd__inv_2_A_Y_sky130_fd_sc_hd__xnor2_2_A_Y_sky130_fd_sc_hd__xnor2_2_B_Y_sky130_fd_sc_hd__xnor2_2_B_A,21µm
filter.x_in\[4\]_sky130_fd_sc_hd__xnor2_2_A_B_sky130_fd_sc_hd__a21oi_2_Y_B1_sky130_fd_sc_hd__and2b_2_X_B,20.86µm
filter.x_in\[8\]_sky130_fd_sc_hd__and2_2_A_X_sky130_fd_sc_hd__xnor2_2_A_Y,20.82µm
spi_out.shift_reg\[3\]_sky130_fd_sc_hd__mux2_1_A1_X,20.82µm
filter.x_in\[5\]_sky130_fd_sc_hd__nand2_2_A_Y,20.8µm
filter.x_in\[3\],20.74µm
filter.x_in\[5\]_sky130_fd_sc_hd__nand2_2_A_Y_sky130_fd_sc_hd__nor2_2_A_B_sky130_fd_sc_hd__xor2_2_X_A,20.74µm
filter.y_out\[7\]_sky130_fd_sc_hd__dfrtp_2_Q_D_sky130_fd_sc_hd__xnor2_2_Y_B,20.74µm
filter.x_in\[4\]_sky130_fd_sc_hd__xnor2_2_A_Y_sky130_fd_sc_hd__xnor2_2_B_Y_sky130_fd_sc_hd__o21a_2_A1_B1_sky130_fd_sc_hd__or3b_2_X_C_N,20.62µm
spi_out.shift_reg\[1\],20.62µm
filter.y_out\[0\]_sky130_fd_sc_hd__dfrtp_2_Q_D_sky130_fd_sc_hd__xor2_2_X_A_sky130_fd_sc_hd__and3b_2_X_C_sky130_fd_sc_hd__a21o_2_X_B1_sky130_fd_sc_hd__a2bb2o_2_X_A1_N_sky130_fd_sc_hd__o2bb2a_2_X_A2_N,20.6µm
spi_out.shift_reg\[13\]_sky130_fd_sc_hd__mux2_1_A1_X,20.6µm
filter.x_in\[3\]_sky130_fd_sc_hd__a21oi_2_B1_Y_sky130_fd_sc_hd__o31a_2_A3_X_sky130_fd_sc_hd__nor2_2_A_Y_sky130_fd_sc_hd__o21a_2_A2_X,20.58µm
filter.x_in\[8\]_sky130_fd_sc_hd__xnor2_2_A_Y_sky130_fd_sc_hd__xor2_2_A_B_sky130_fd_sc_hd__xnor2_2_Y_B_sky130_fd_sc_hd__a22o_2_X_A1,20.46µm
filter.y_out\[0\]_sky130_fd_sc_hd__dfrtp_2_Q_D_sky130_fd_sc_hd__xor2_2_X_A_sky130_fd_sc_hd__and3b_2_X_C_sky130_fd_sc_hd__a21o_2_X_B1_sky130_fd_sc_hd__a2bb2o_2_X_B1_sky130_fd_sc_hd__a2bb2o_2_X_B1_sky130_fd_sc_hd__or3_2_X_C_sky130_fd_sc_hd__o21a_2_X_B1_sky130_fd_sc_hd__a221o_2_X_B1,20.18µm
filter.x_in\[12\]_sky130_fd_sc_hd__xnor2_2_A_B_sky130_fd_sc_hd__xnor2_2_Y_B_sky130_fd_sc_hd__a31o_2_X_A3_sky130_fd_sc_hd__xnor2_2_Y_B,20.1µm
filter.y_out\[15\]_sky130_fd_sc_hd__dfrtp_2_Q_D_sky130_fd_sc_hd__and3_2_X_B_sky130_fd_sc_hd__a21boi_2_Y_B1_N_sky130_fd_sc_hd__o32a_2_X_A2,20.02µm
filter.x_in\[3\]_sky130_fd_sc_hd__a21oi_2_B1_Y_sky130_fd_sc_hd__o31a_2_A3_A1_sky130_fd_sc_hd__a21oi_2_Y_A2_sky130_fd_sc_hd__or2_2_X_B,19.86µm
filter.x_in\[12\]_sky130_fd_sc_hd__xnor2_2_A_Y,19.84µm
filter.x_in\[0\]_sky130_fd_sc_hd__xnor2_2_A_Y_sky130_fd_sc_hd__and2_2_B_X_sky130_fd_sc_hd__nor2_2_B_Y_sky130_fd_sc_hd__xor2_2_B_X,19.82µm
filter.y_out\[11\]_sky130_fd_sc_hd__dfrtp_2_Q_D_sky130_fd_sc_hd__xnor2_2_Y_A,19.62µm
filter.x_in\[6\]_sky130_fd_sc_hd__and2_2_A_B_sky130_fd_sc_hd__a31o_2_X_B1_sky130_fd_sc_hd__and2_2_X_B_sky130_fd_sc_hd__o22a_2_X_B2_sky130_fd_sc_hd__nand2b_2_Y_A_N_sky130_fd_sc_hd__and2_2_B_X,19.6µm
filter.y_out\[15\]_sky130_fd_sc_hd__dfrtp_2_Q_D_sky130_fd_sc_hd__and3_2_X_B,19.6µm
filter.x_in\[2\]_sky130_fd_sc_hd__inv_2_A_Y_sky130_fd_sc_hd__o2bb2ai_2_B2_Y_sky130_fd_sc_hd__xor2_2_A_X_sky130_fd_sc_hd__xnor2_2_A_B,19.48µm
filter.y_out\[13\]_sky130_fd_sc_hd__dfrtp_2_Q_D_sky130_fd_sc_hd__xnor2_2_Y_B_sky130_fd_sc_hd__o31a_2_X_A3,19.48µm
filter.y_out\[0\]_sky130_fd_sc_hd__dfrtp_2_Q_D_sky130_fd_sc_hd__xor2_2_X_A_sky130_fd_sc_hd__and3b_2_X_C_sky130_fd_sc_hd__a21o_2_X_B1_sky130_fd_sc_hd__a2bb2o_2_X_B1,19.4µm
filter.y_out\[0\]_sky130_fd_sc_hd__dfrtp_2_Q_D_sky130_fd_sc_hd__xor2_2_X_B_sky130_fd_sc_hd__xnor2_2_Y_A_sky130_fd_sc_hd__or2_2_X_B,19.4µm
filter.y_out\[6\]_sky130_fd_sc_hd__dfrtp_2_Q_D_sky130_fd_sc_hd__xnor2_2_Y_B_sky130_fd_sc_hd__xnor2_2_Y_B,19.4µm
filter.x_in\[4\]_sky130_fd_sc_hd__xnor2_2_A_Y_sky130_fd_sc_hd__xnor2_2_B_Y_sky130_fd_sc_hd__xnor2_2_A_B_sky130_fd_sc_hd__xnor2_2_Y_B_sky130_fd_sc_hd__a21oi_2_Y_A1,19.34µm
filter.y_out\[5\]_sky130_fd_sc_hd__dfrtp_2_Q_D_sky130_fd_sc_hd__xor2_2_X_A_sky130_fd_sc_hd__nor2_2_Y_B,19.24µm
spi_in.bit_cnt\[0\],19.16µm
spi_in.shift_reg\[12\],19.1µm
filter.x_in\[10\]_sky130_fd_sc_hd__or2_2_A_B_sky130_fd_sc_hd__xor2_2_X_B_sky130_fd_sc_hd__a31o_2_X_A2_sky130_fd_sc_hd__xor2_2_X_A_sky130_fd_sc_hd__a21o_2_B1_A2_sky130_fd_sc_hd__o21ba_2_A2_B1_N,19µm
filter.x_in\[6\]_sky130_fd_sc_hd__and2_2_A_B_sky130_fd_sc_hd__a31o_2_X_B1_sky130_fd_sc_hd__and2_2_X_B_sky130_fd_sc_hd__o22a_2_X_B2_sky130_fd_sc_hd__nand2b_2_Y_A_N_sky130_fd_sc_hd__and2_2_B_X_sky130_fd_sc_hd__o211a_2_A1_X,18.98µm
filter.y_out\[15\]_sky130_fd_sc_hd__dfrtp_2_Q_D_sky130_fd_sc_hd__and3_2_X_B_sky130_fd_sc_hd__a21boi_2_Y_A2_sky130_fd_sc_hd__o21ai_2_Y_A1_sky130_fd_sc_hd__a21o_2_X_B1,18.86µm
filter.x_in\[4\],18.82µm
filter.y_out\[13\]_sky130_fd_sc_hd__dfrtp_2_Q_D_sky130_fd_sc_hd__xnor2_2_Y_A_sky130_fd_sc_hd__xnor2_2_Y_A,18.82µm
spi_out.shift_reg\[6\],18.82µm
net2,18.82µm
net5,18.56µm
filter.y_out\[0\]_sky130_fd_sc_hd__dfrtp_2_Q_D_sky130_fd_sc_hd__xor2_2_X_A_sky130_fd_sc_hd__and3b_2_X_A_N_sky130_fd_sc_hd__xnor2_2_Y_A,18.36µm
filter.y_out\[4\]_sky130_fd_sc_hd__dfrtp_2_Q_D_sky130_fd_sc_hd__xnor2_2_Y_A_sky130_fd_sc_hd__and2b_2_X_B_sky130_fd_sc_hd__nand2_2_Y_A,18.24µm
filter.x_in\[6\]_sky130_fd_sc_hd__and2_2_A_B_sky130_fd_sc_hd__a31o_2_X_B1_sky130_fd_sc_hd__and2_2_X_B_sky130_fd_sc_hd__o22a_2_X_B2_sky130_fd_sc_hd__nand2b_2_Y_A_N,18.235µm
filter.x_in\[14\]_sky130_fd_sc_hd__inv_2_A_Y_sky130_fd_sc_hd__or2_2_A_B,18.16µm
filter.y_out\[0\]_sky130_fd_sc_hd__dfrtp_2_Q_D_sky130_fd_sc_hd__xor2_2_X_A_sky130_fd_sc_hd__and3b_2_X_B_sky130_fd_sc_hd__o211a_2_X_C1_sky130_fd_sc_hd__or3_2_X_A,18.16µm
filter.x_in\[11\]_sky130_fd_sc_hd__nand2_2_A_Y_sky130_fd_sc_hd__and3_2_B_X_sky130_fd_sc_hd__or2_2_B_X,18.12µm
filter.x_in\[3\]_sky130_fd_sc_hd__a21oi_2_B1_Y_sky130_fd_sc_hd__o31a_2_A3_A1_sky130_fd_sc_hd__a21oi_2_Y_A1_sky130_fd_sc_hd__xnor2_2_A_Y_sky130_fd_sc_hd__o31a_2_A2_A3_sky130_fd_sc_hd__and3_2_X_C,17.9µm
filter.y_out\[13\]_sky130_fd_sc_hd__dfrtp_2_Q_D_sky130_fd_sc_hd__xnor2_2_Y_A_sky130_fd_sc_hd__xnor2_2_Y_B,17.9µm
spi_out.shift_reg\[12\],17.9µm
filter.x_in\[7\]_sky130_fd_sc_hd__and2_2_A_X_sky130_fd_sc_hd__xnor2_2_A_Y_sky130_fd_sc_hd__xnor2_2_A_Y,17.76µm
filter.y_out\[0\]_sky130_fd_sc_hd__dfrtp_2_Q_D_sky130_fd_sc_hd__xor2_2_X_A_sky130_fd_sc_hd__and3b_2_X_A_N_sky130_fd_sc_hd__xnor2_2_Y_B,17.76µm
spi_in.bit_cnt\[3\],17.72µm
filter.x_in\[2\]_sky130_fd_sc_hd__inv_2_A_Y_sky130_fd_sc_hd__o2bb2ai_2_B2_Y_sky130_fd_sc_hd__xor2_2_A_X_sky130_fd_sc_hd__xnor2_2_A_Y_sky130_fd_sc_hd__and3_2_C_A,17.68µm
filter.y_out\[0\]_sky130_fd_sc_hd__dfrtp_2_Q_D_sky130_fd_sc_hd__xor2_2_X_A_sky130_fd_sc_hd__and3b_2_X_B_sky130_fd_sc_hd__o211a_2_X_C1_sky130_fd_sc_hd__or3_2_X_A_sky130_fd_sc_hd__and2b_2_X_B_sky130_fd_sc_hd__a22o_2_X_A2,17.68µm
filter.x_in\[6\]_sky130_fd_sc_hd__and2_2_A_B_sky130_fd_sc_hd__a31o_2_X_B1_sky130_fd_sc_hd__and2_2_X_B_sky130_fd_sc_hd__o22a_2_X_B2_sky130_fd_sc_hd__nand2b_2_Y_A_N_sky130_fd_sc_hd__and2_2_B_X_sky130_fd_sc_hd__o211a_2_A1_X_sky130_fd_sc_hd__o31ai_2_A1_Y,17.64µm
filter.x_in\[2\]_sky130_fd_sc_hd__inv_2_A_Y_sky130_fd_sc_hd__o2bb2ai_2_B2_Y_sky130_fd_sc_hd__xor2_2_A_X,17.6µm
filter.x_in\[10\]_sky130_fd_sc_hd__nand2_2_A_Y,17.54µm
filter.x_in\[12\]_sky130_fd_sc_hd__a21oi_2_A1_B1_sky130_fd_sc_hd__and3_2_X_B_sky130_fd_sc_hd__a22o_2_X_A1_sky130_fd_sc_hd__xnor2_2_A_B_sky130_fd_sc_hd__and2_2_X_A_sky130_fd_sc_hd__inv_2_Y_A,17.51µm
filter.x_in\[2\]_sky130_fd_sc_hd__inv_2_A_Y_sky130_fd_sc_hd__xnor2_2_A_Y_sky130_fd_sc_hd__xnor2_2_B_Y_sky130_fd_sc_hd__xnor2_2_B_Y,17.4µm
filter.x_in\[8\]_sky130_fd_sc_hd__xnor2_2_A_Y_sky130_fd_sc_hd__xor2_2_A_B_sky130_fd_sc_hd__xnor2_2_Y_B_sky130_fd_sc_hd__a22o_2_X_B1,17.4µm
filter.x_in\[8\]_sky130_fd_sc_hd__xnor2_2_A_Y_sky130_fd_sc_hd__xor2_2_A_X,17.4µm
filter.x_in\[0\]_sky130_fd_sc_hd__o21ai_2_A1_Y_sky130_fd_sc_hd__xnor2_2_A_Y_sky130_fd_sc_hd__a21oi_2_A2_A1_sky130_fd_sc_hd__or2_2_X_B_sky130_fd_sc_hd__xor2_2_X_B_sky130_fd_sc_hd__xor2_2_X_B_sky130_fd_sc_hd__mux2_1_X_A1,17.36µm
filter.x_in\[9\]_sky130_fd_sc_hd__a21o_2_A1_B1,17.36µm
filter.x_in\[9\]_sky130_fd_sc_hd__xnor2_2_A_B,17.36µm
filter.x_in\[0\]_sky130_fd_sc_hd__o21ai_2_A1_Y_sky130_fd_sc_hd__xnor2_2_A_Y_sky130_fd_sc_hd__a21oi_2_A2_Y_sky130_fd_sc_hd__nor2_2_B_A,17.3µm
filter.x_in\[14\]_sky130_fd_sc_hd__inv_2_A_Y_sky130_fd_sc_hd__or2_2_A_B_sky130_fd_sc_hd__a21o_2_X_A1_sky130_fd_sc_hd__or2_2_X_A,17.3µm
filter.x_in\[0\]_sky130_fd_sc_hd__xnor2_2_A_Y_sky130_fd_sc_hd__and2_2_B_X_sky130_fd_sc_hd__o32a_2_A3_B2_sky130_fd_sc_hd__o21a_2_X_A2_sky130_fd_sc_hd__xor2_2_B_X,17.28µm
filter.x_in\[5\]_sky130_fd_sc_hd__or2_2_A_B_sky130_fd_sc_hd__o21ai_2_Y_A2_sky130_fd_sc_hd__nor2_2_Y_B,17.26µm
filter.y_out\[0\]_sky130_fd_sc_hd__dfrtp_2_Q_D_sky130_fd_sc_hd__xor2_2_X_A_sky130_fd_sc_hd__and3b_2_X_C_sky130_fd_sc_hd__a21o_2_X_B1_sky130_fd_sc_hd__a2bb2o_2_X_B1_sky130_fd_sc_hd__a2bb2o_2_X_B1_sky130_fd_sc_hd__or3_2_X_C_sky130_fd_sc_hd__o21a_2_X_A1,17.26µm
filter.y_out\[0\]_sky130_fd_sc_hd__dfrtp_2_Q_D_sky130_fd_sc_hd__xor2_2_X_A_sky130_fd_sc_hd__and3b_2_X_C_sky130_fd_sc_hd__a21o_2_X_A2_sky130_fd_sc_hd__o21ai_2_Y_B1_sky130_fd_sc_hd__or2_2_X_B,17.22µm
filter.x_in\[12\]_sky130_fd_sc_hd__a21oi_2_A1_B1_sky130_fd_sc_hd__and3_2_X_B_sky130_fd_sc_hd__a22o_2_X_A1,17.2µm
filter.x_in\[5\]_sky130_fd_sc_hd__nand2_2_A_Y_sky130_fd_sc_hd__xor2_2_A_X_sky130_fd_sc_hd__xnor2_2_A_B,17.14µm
spi_out.bit_cnt\[1\],17.1µm
filter.x_in\[5\]_sky130_fd_sc_hd__nand2_2_A_Y_sky130_fd_sc_hd__xor2_2_A_X_sky130_fd_sc_hd__and2b_2_B_X,17.06µm
filter.y_out\[0\]_sky130_fd_sc_hd__dfrtp_2_Q_D_sky130_fd_sc_hd__xor2_2_X_A_sky130_fd_sc_hd__and3b_2_X_C_sky130_fd_sc_hd__a21o_2_X_A1_sky130_fd_sc_hd__nor2_2_Y_A_sky130_fd_sc_hd__nor2_2_Y_B,16.94µm
filter.x_in\[2\]_sky130_fd_sc_hd__inv_2_A_Y_sky130_fd_sc_hd__xnor2_2_A_Y,16.84µm
filter.x_in\[14\]_sky130_fd_sc_hd__inv_2_A_Y_sky130_fd_sc_hd__or2_2_A_X_sky130_fd_sc_hd__and3_2_B_A_sky130_fd_sc_hd__or2_2_X_A,16.76µm
filter.y_out\[2\]_sky130_fd_sc_hd__dfrtp_2_Q_D_sky130_fd_sc_hd__xor2_2_X_A_sky130_fd_sc_hd__xor2_2_X_A,16.72µm
filter.y_out\[7\]_sky130_fd_sc_hd__dfrtp_2_Q_D_sky130_fd_sc_hd__xnor2_2_Y_B_sky130_fd_sc_hd__o21ai_2_Y_B1,16.72µm
filter.x_in\[9\]_sky130_fd_sc_hd__xnor2_2_A_B_sky130_fd_sc_hd__xor2_2_X_A_sky130_fd_sc_hd__xnor2_2_Y_A_sky130_fd_sc_hd__a21o_2_X_B1_sky130_fd_sc_hd__and3_2_X_C,16.56µm
spi_out.shift_reg\[9\]_sky130_fd_sc_hd__mux2_1_A1_X,16.56µm
filter.x_in\[5\],16.52µm
spi_out.shift_reg\[5\],16.52µm
filter.y_out\[14\]_sky130_fd_sc_hd__dfrtp_2_Q_D_sky130_fd_sc_hd__xnor2_2_Y_A,16.49µm
filter.x_in\[3\]_sky130_fd_sc_hd__a21oi_2_B1_Y_sky130_fd_sc_hd__o31a_2_A3_X_sky130_fd_sc_hd__xnor2_2_A_Y_sky130_fd_sc_hd__nand3_2_C_A,16.46µm
spi_out.shift_reg\[12\]_sky130_fd_sc_hd__mux2_1_A1_X,16.38µm
filter.y_out\[0\]_sky130_fd_sc_hd__dfrtp_2_Q_D_sky130_fd_sc_hd__xor2_2_X_A_sky130_fd_sc_hd__and3b_2_X_C_sky130_fd_sc_hd__a21o_2_X_B1_sky130_fd_sc_hd__a2bb2o_2_X_B1_sky130_fd_sc_hd__a2bb2o_2_X_B2_sky130_fd_sc_hd__o32a_2_X_A2_sky130_fd_sc_hd__nor3_2_Y_C,16.32µm
filter.x_in\[4\]_sky130_fd_sc_hd__xnor2_2_A_Y_sky130_fd_sc_hd__xnor2_2_B_Y_sky130_fd_sc_hd__xnor2_2_A_Y,16.3µm
filter.x_in\[4\]_sky130_fd_sc_hd__xnor2_2_A_Y_sky130_fd_sc_hd__xnor2_2_B_Y,16.28µm
filter.x_in\[2\]_sky130_fd_sc_hd__inv_2_A_Y_sky130_fd_sc_hd__o2bb2ai_2_B2_Y_sky130_fd_sc_hd__xor2_2_A_X_sky130_fd_sc_hd__xnor2_2_A_B_sky130_fd_sc_hd__xnor2_2_Y_A,16.26µm
filter.y_out\[15\]_sky130_fd_sc_hd__dfrtp_2_Q_D_sky130_fd_sc_hd__and3_2_X_C_sky130_fd_sc_hd__a21o_2_X_B1_sky130_fd_sc_hd__xnor2_2_Y_A,16.18µm
filter.x_in\[0\]_sky130_fd_sc_hd__o21ai_2_A1_Y_sky130_fd_sc_hd__xnor2_2_A_Y_sky130_fd_sc_hd__a21oi_2_A2_A1_sky130_fd_sc_hd__or2_2_X_B_sky130_fd_sc_hd__xor2_2_X_A_sky130_fd_sc_hd__a21oi_2_A1_B1,16.1µm
filter.x_in\[0\]_sky130_fd_sc_hd__xnor2_2_A_Y_sky130_fd_sc_hd__and2_2_B_X_sky130_fd_sc_hd__nor2_2_B_Y_sky130_fd_sc_hd__xor2_2_B_X_sky130_fd_sc_hd__nor2_2_B_A_sky130_fd_sc_hd__a21boi_2_Y_A2,15.88µm
filter.y_out\[12\]_sky130_fd_sc_hd__dfrtp_2_Q_D_sky130_fd_sc_hd__xnor2_2_Y_A,15.84µm
filter.x_in\[4\]_sky130_fd_sc_hd__xnor2_2_A_Y_sky130_fd_sc_hd__xnor2_2_B_Y_sky130_fd_sc_hd__xnor2_2_A_B_sky130_fd_sc_hd__xnor2_2_Y_B,15.8µm
filter.x_in\[10\]_sky130_fd_sc_hd__or2_2_A_B_sky130_fd_sc_hd__xor2_2_X_B_sky130_fd_sc_hd__a31o_2_X_A3_sky130_fd_sc_hd__xnor2_2_Y_A_sky130_fd_sc_hd__o21ai_2_B1_Y_sky130_fd_sc_hd__and2b_2_A_N_X,15.76µm
spi_out.bit_cnt\[3\],15.68µm
filter.x_in\[14\]_sky130_fd_sc_hd__inv_2_A_Y_sky130_fd_sc_hd__or2_2_A_B_sky130_fd_sc_hd__a21o_2_X_B1,15.64µm
filter.x_in\[5\]_sky130_fd_sc_hd__nand2_2_A_Y_sky130_fd_sc_hd__nor2_2_A_Y,15.64µm
filter.y_out\[0\]_sky130_fd_sc_hd__dfrtp_2_Q_D_sky130_fd_sc_hd__xor2_2_X_A_sky130_fd_sc_hd__and3b_2_X_B_sky130_fd_sc_hd__o211a_2_X_C1_sky130_fd_sc_hd__or3_2_X_C,15.56µm
filter.y_out\[0\]_sky130_fd_sc_hd__dfrtp_2_Q_D_sky130_fd_sc_hd__xor2_2_X_A_sky130_fd_sc_hd__and3b_2_X_C_sky130_fd_sc_hd__a21o_2_X_B1_sky130_fd_sc_hd__a2bb2o_2_X_A2_N,15.5µm
filter.x_in\[12\]_sky130_fd_sc_hd__a21oi_2_A1_Y_sky130_fd_sc_hd__or3_2_B_X_sky130_fd_sc_hd__xnor2_2_A_B,15.485µm
filter.y_out\[10\]_sky130_fd_sc_hd__dfrtp_2_Q_D_sky130_fd_sc_hd__xor2_2_X_B_sky130_fd_sc_hd__xnor2_2_Y_B,15.38µm
filter.y_out\[7\]_sky130_fd_sc_hd__dfrtp_2_Q_D_sky130_fd_sc_hd__xnor2_2_Y_A_sky130_fd_sc_hd__nand2_2_Y_A_sky130_fd_sc_hd__or2_2_X_B,15.38µm
filter.y_out\[8\]_sky130_fd_sc_hd__dfrtp_2_Q_D_sky130_fd_sc_hd__xnor2_2_Y_A_sky130_fd_sc_hd__xnor2_2_Y_A,15.32µm
spi_out.shift_reg\[7\]_sky130_fd_sc_hd__mux2_1_A1_X,15.3µm
filter.x_in\[2\]_sky130_fd_sc_hd__inv_2_A_Y_sky130_fd_sc_hd__xnor2_2_A_Y_sky130_fd_sc_hd__xnor2_2_B_Y_sky130_fd_sc_hd__xnor2_2_B_Y_sky130_fd_sc_hd__or2_2_A_B,15.28µm
filter.x_in\[0\]_sky130_fd_sc_hd__xnor2_2_A_Y_sky130_fd_sc_hd__and2_2_B_X_sky130_fd_sc_hd__o32a_2_A3_B2_sky130_fd_sc_hd__o21a_2_X_B1_sky130_fd_sc_hd__nand2_2_Y_B_sky130_fd_sc_hd__xnor2_2_Y_A,15.14µm
filter.y_out\[15\]_sky130_fd_sc_hd__dfrtp_2_Q_D_sky130_fd_sc_hd__and3_2_X_B_sky130_fd_sc_hd__a21boi_2_Y_A2_sky130_fd_sc_hd__o21ai_2_Y_A2,15.12µm
filter.y_out\[0\]_sky130_fd_sc_hd__dfrtp_2_Q_D_sky130_fd_sc_hd__xor2_2_X_A_sky130_fd_sc_hd__and3b_2_X_C_sky130_fd_sc_hd__a21o_2_X_B1_sky130_fd_sc_hd__a2bb2o_2_X_B1_sky130_fd_sc_hd__a2bb2o_2_X_B1_sky130_fd_sc_hd__or3_2_X_C_sky130_fd_sc_hd__o21a_2_X_A2_sky130_fd_sc_hd__o21ai_2_Y_B1_sky130_fd_sc_hd__or2_2_X_B,15.06µm
filter.x_in\[4\]_sky130_fd_sc_hd__and2b_2_B_X_sky130_fd_sc_hd__a21o_2_B1_X,15.02µm
filter.x_in\[7\]_sky130_fd_sc_hd__nor2_2_A_Y_sky130_fd_sc_hd__or2_2_B_X,15.02µm
filter.y_out\[0\]_sky130_fd_sc_hd__dfrtp_2_Q_D_sky130_fd_sc_hd__xor2_2_X_A_sky130_fd_sc_hd__and3b_2_X_C_sky130_fd_sc_hd__a21o_2_X_B1_sky130_fd_sc_hd__a2bb2o_2_X_B1_sky130_fd_sc_hd__a2bb2o_2_X_B1_sky130_fd_sc_hd__or3_2_X_B,14.96µm
filter.x_in\[14\]_sky130_fd_sc_hd__inv_2_A_Y_sky130_fd_sc_hd__or2_2_A_X_sky130_fd_sc_hd__and3_2_B_C,14.9µm
filter.y_out\[7\]_sky130_fd_sc_hd__dfrtp_2_Q_D_sky130_fd_sc_hd__xnor2_2_Y_A_sky130_fd_sc_hd__nand2_2_Y_A,14.88µm
filter.x_in\[0\]_sky130_fd_sc_hd__o21ai_2_A1_Y_sky130_fd_sc_hd__xnor2_2_A_B_sky130_fd_sc_hd__xnor2_2_Y_A_sky130_fd_sc_hd__o21ai_2_Y_A2,14.87µm
filter.y_out\[15\]_sky130_fd_sc_hd__dfrtp_2_Q_D_sky130_fd_sc_hd__and3_2_X_A_sky130_fd_sc_hd__or3_2_X_A,14.84µm
filter.y_out\[9\]_sky130_fd_sc_hd__dfrtp_2_Q_D_sky130_fd_sc_hd__xor2_2_X_B_sky130_fd_sc_hd__xor2_2_X_B,14.78µm
filter.x_in\[0\]_sky130_fd_sc_hd__o21ai_2_A1_Y_sky130_fd_sc_hd__xnor2_2_A_B_sky130_fd_sc_hd__xnor2_2_Y_A_sky130_fd_sc_hd__o21ai_2_Y_B1_sky130_fd_sc_hd__nand2_2_Y_B_sky130_fd_sc_hd__a21o_2_X_B1_sky130_fd_sc_hd__nor2_2_Y_B,14.76µm
filter.x_in\[4\]_sky130_fd_sc_hd__xnor2_2_A_B_sky130_fd_sc_hd__a21oi_2_Y_A2,14.76µm
filter.x_in\[9\]_sky130_fd_sc_hd__a21o_2_A1_X_sky130_fd_sc_hd__nand2b_2_B_Y_sky130_fd_sc_hd__xnor2_2_A_Y,14.76µm
spi_out.shift_reg\[2\],14.68µm
filter.y_out\[5\]_sky130_fd_sc_hd__dfrtp_2_Q_D,14.64µm
filter.x_in\[13\]_sky130_fd_sc_hd__nand2_2_A_Y_sky130_fd_sc_hd__nand3_2_B_C,14.48µm
filter.y_out\[8\]_sky130_fd_sc_hd__dfrtp_2_Q_D_sky130_fd_sc_hd__xnor2_2_Y_B,14.46µm
filter.x_in\[0\]_sky130_fd_sc_hd__o21ai_2_A1_Y_sky130_fd_sc_hd__and2b_2_A_N_X,14.3µm
filter.x_in\[4\]_sky130_fd_sc_hd__xnor2_2_A_Y,14.22µm
filter.x_in\[4\]_sky130_fd_sc_hd__xnor2_2_A_Y_sky130_fd_sc_hd__xnor2_2_B_Y_sky130_fd_sc_hd__o21a_2_A1_B1_sky130_fd_sc_hd__or3b_2_X_B,14.22µm
filter.y_out\[6\]_sky130_fd_sc_hd__dfrtp_2_Q_D_sky130_fd_sc_hd__xnor2_2_Y_B_sky130_fd_sc_hd__xnor2_2_Y_A_sky130_fd_sc_hd__nand2_2_Y_B,14.22µm
spi_out.bit_cnt\[4\],14.18µm
filter.y_out\[0\]_sky130_fd_sc_hd__dfrtp_2_Q_D_sky130_fd_sc_hd__xor2_2_X_A_sky130_fd_sc_hd__and3b_2_X_C_sky130_fd_sc_hd__a21o_2_X_A2_sky130_fd_sc_hd__o21ai_2_Y_B1_sky130_fd_sc_hd__or2_2_X_A_sky130_fd_sc_hd__a21oi_2_Y_A2,14.14µm
filter.y_out\[11\]_sky130_fd_sc_hd__dfrtp_2_Q_D,14.14µm
filter.y_out\[14\]_sky130_fd_sc_hd__dfrtp_2_Q_D,14.14µm
filter.x_in\[13\]_sky130_fd_sc_hd__nand2_2_A_Y,14.1µm
spi_out.shift_reg\[11\],14.1µm
filter.x_in\[0\]_sky130_fd_sc_hd__xnor2_2_A_Y_sky130_fd_sc_hd__and2_2_B_X_sky130_fd_sc_hd__o32a_2_A3_B2_sky130_fd_sc_hd__o21a_2_X_A2,14.08µm
filter.y_out\[0\]_sky130_fd_sc_hd__dfrtp_2_Q_D_sky130_fd_sc_hd__xor2_2_X_A_sky130_fd_sc_hd__and3b_2_X_C_sky130_fd_sc_hd__a21o_2_X_A1,14.02µm
filter.x_in\[2\]_sky130_fd_sc_hd__inv_2_A_Y_sky130_fd_sc_hd__o2bb2ai_2_B2_Y_sky130_fd_sc_hd__xor2_2_A_X_sky130_fd_sc_hd__xnor2_2_A_B_sky130_fd_sc_hd__xnor2_2_Y_B,14µm
filter.x_in\[14\]_sky130_fd_sc_hd__inv_2_A_Y_sky130_fd_sc_hd__or2_2_A_X,13.92µm
filter.x_in\[11\]_sky130_fd_sc_hd__nand2_2_A_Y_sky130_fd_sc_hd__a21oi_2_A2_Y,13.76µm
filter.x_in\[6\],13.76µm
filter.x_in\[0\]_sky130_fd_sc_hd__xnor2_2_A_Y_sky130_fd_sc_hd__and2_2_B_X_sky130_fd_sc_hd__o32a_2_A3_B1_sky130_fd_sc_hd__xnor2_2_Y_A_sky130_fd_sc_hd__o21ba_2_X_A2,13.56µm
filter.x_in\[7\]_sky130_fd_sc_hd__and2_2_A_X_sky130_fd_sc_hd__a22o_2_B2_A2_sky130_fd_sc_hd__o21ai_2_Y_A1,13.56µm
filter.y_out\[12\]_sky130_fd_sc_hd__dfrtp_2_Q_D_sky130_fd_sc_hd__xnor2_2_Y_B_sky130_fd_sc_hd__a21o_2_X_B1,13.54µm
filter.y_out\[0\]_sky130_fd_sc_hd__dfrtp_2_Q_D_sky130_fd_sc_hd__xor2_2_X_A_sky130_fd_sc_hd__and3b_2_X_C_sky130_fd_sc_hd__a21o_2_X_B1_sky130_fd_sc_hd__a2bb2o_2_X_B1_sky130_fd_sc_hd__a2bb2o_2_X_B1_sky130_fd_sc_hd__or3_2_X_C_sky130_fd_sc_hd__o21a_2_X_B1_sky130_fd_sc_hd__a221o_2_X_C1,13.46µm
spi_out.shift_reg\[14\]_sky130_fd_sc_hd__mux2_1_A1_X,13.46µm
filter.x_in\[10\]_sky130_fd_sc_hd__or2_2_A_B_sky130_fd_sc_hd__xor2_2_X_B_sky130_fd_sc_hd__a31o_2_X_A2_sky130_fd_sc_hd__xor2_2_X_A_sky130_fd_sc_hd__a21o_2_B1_A2_sky130_fd_sc_hd__o21ba_2_A2_B1_N_sky130_fd_sc_hd__nand2_2_A_Y_sky130_fd_sc_hd__o21a_2_B1_X_sky130_fd_sc_hd__nand2_2_B_Y,13.42µm
filter.x_in\[12\]_sky130_fd_sc_hd__a21oi_2_A1_B1_sky130_fd_sc_hd__and3_2_X_B,13.12µm
filter.x_in\[3\]_sky130_fd_sc_hd__a21oi_2_B1_Y_sky130_fd_sc_hd__o31a_2_A3_X_sky130_fd_sc_hd__xnor2_2_A_Y_sky130_fd_sc_hd__a21o_2_B1_X,13.06µm
filter.y_out\[0\]_sky130_fd_sc_hd__dfrtp_2_Q_D_sky130_fd_sc_hd__xor2_2_X_A_sky130_fd_sc_hd__and3b_2_X_A_N,12.96µm
net47,12.96µm
filter.x_in\[0\]_sky130_fd_sc_hd__o21ai_2_A1_Y_sky130_fd_sc_hd__xnor2_2_A_Y_sky130_fd_sc_hd__a21oi_2_A2_A1_sky130_fd_sc_hd__or2_2_X_B_sky130_fd_sc_hd__xor2_2_X_B_sky130_fd_sc_hd__xor2_2_X_B,12.94µm
filter.x_in\[6\]_sky130_fd_sc_hd__nor2_2_A_Y_sky130_fd_sc_hd__nor2_2_B_Y,12.86µm
filter.x_in\[3\]_sky130_fd_sc_hd__a21oi_2_B1_Y,12.72µm
filter.x_in\[5\]_sky130_fd_sc_hd__nand2_2_A_Y_sky130_fd_sc_hd__nor2_2_A_B,12.72µm
spi_out.shift_reg\[0\],12.7µm
spi_out.shift_reg\[11\]_sky130_fd_sc_hd__mux2_1_A1_X,12.7µm
filter.y_out\[2\]_sky130_fd_sc_hd__dfrtp_2_Q_D_sky130_fd_sc_hd__xor2_2_X_A,12.68µm
filter.x_in\[7\]_sky130_fd_sc_hd__and2_2_A_X_sky130_fd_sc_hd__xnor2_2_A_Y_sky130_fd_sc_hd__nor2_2_A_Y,12.66µm
filter.x_in\[7\]_sky130_fd_sc_hd__and2_2_A_X_sky130_fd_sc_hd__a22o_2_B2_X_sky130_fd_sc_hd__and2b_2_B_X,12.64µm
filter.y_out\[15\]_sky130_fd_sc_hd__dfrtp_2_Q_D_sky130_fd_sc_hd__and3_2_X_B_sky130_fd_sc_hd__a21boi_2_Y_A2,12.64µm
spi_out.shift_reg\[8\]_sky130_fd_sc_hd__mux2_1_A1_X,12.58µm
filter.x_in\[6\]_sky130_fd_sc_hd__and2_2_A_B_sky130_fd_sc_hd__a31o_2_X_A3,12.54µm
filter.x_in\[5\]_sky130_fd_sc_hd__nand2_2_A_Y_sky130_fd_sc_hd__xor2_2_A_X,12.48µm
filter.x_in\[14\]_sky130_fd_sc_hd__inv_2_A_Y_sky130_fd_sc_hd__or2_2_A_X_sky130_fd_sc_hd__and3_2_B_A_sky130_fd_sc_hd__or2_2_X_B,12.38µm
filter.x_in\[3\]_sky130_fd_sc_hd__a21oi_2_B1_Y_sky130_fd_sc_hd__o31a_2_A3_X_sky130_fd_sc_hd__nor2_2_A_Y,12.3µm
filter.x_in\[15\]_sky130_fd_sc_hd__dfrtp_2_Q_D,12.28µm
filter.x_in\[3\]_sky130_fd_sc_hd__a21oi_2_B1_Y_sky130_fd_sc_hd__o31a_2_A3_X,12.28µm
filter.y_out\[3\]_sky130_fd_sc_hd__dfrtp_2_Q_D_sky130_fd_sc_hd__nor2_2_Y_A,12.26µm
filter.y_out\[8\]_sky130_fd_sc_hd__dfrtp_2_Q_D,12.24µm
filter.y_out\[0\]_sky130_fd_sc_hd__dfrtp_2_Q_D_sky130_fd_sc_hd__xor2_2_X_A_sky130_fd_sc_hd__and3b_2_X_C_sky130_fd_sc_hd__a21o_2_X_A2_sky130_fd_sc_hd__o21ai_2_Y_A2,12.16µm
filter.y_out\[7\]_sky130_fd_sc_hd__dfrtp_2_Q_D,12.16µm
filter.y_out\[4\]_sky130_fd_sc_hd__dfrtp_2_Q_D_sky130_fd_sc_hd__xnor2_2_Y_B,12.14µm
filter.x_in\[9\]_sky130_fd_sc_hd__xnor2_2_A_B_sky130_fd_sc_hd__xor2_2_X_B_sky130_fd_sc_hd__o21ai_2_Y_A2,12.12µm
filter.x_in\[0\]_sky130_fd_sc_hd__o21ai_2_A1_Y_sky130_fd_sc_hd__and2b_2_A_N_X_sky130_fd_sc_hd__o21ai_2_A2_Y_sky130_fd_sc_hd__xnor2_2_A_B,12µm
filter.y_out\[13\]_sky130_fd_sc_hd__dfrtp_2_Q_D,11.965µm
filter.x_in\[9\]_sky130_fd_sc_hd__a21o_2_A1_X_sky130_fd_sc_hd__xor2_2_B_X,11.96µm
filter.x_in\[13\]_sky130_fd_sc_hd__or2_2_A_B_sky130_fd_sc_hd__and2_2_X_A_sky130_fd_sc_hd__or2_2_X_B,11.84µm
filter.y_out\[3\]_sky130_fd_sc_hd__dfrtp_2_Q_D,11.82µm
filter.y_out\[7\]_sky130_fd_sc_hd__dfrtp_2_Q_D_sky130_fd_sc_hd__xnor2_2_Y_A,11.72µm
filter.y_out\[0\]_sky130_fd_sc_hd__dfrtp_2_Q_D_sky130_fd_sc_hd__xor2_2_X_A_sky130_fd_sc_hd__and3b_2_X_B_sky130_fd_sc_hd__o211a_2_X_C1_sky130_fd_sc_hd__or3_2_X_A_sky130_fd_sc_hd__and2b_2_X_A_N,11.7µm
spi_out.shift_reg\[0\]_sky130_fd_sc_hd__mux2_1_A1_X,11.7µm
filter.x_in\[2\],11.66µm
net92,11.66µm
filter.x_in\[9\]_sky130_fd_sc_hd__xnor2_2_A_Y,11.62µm
filter.x_in\[11\]_sky130_fd_sc_hd__nand2_2_A_B_sky130_fd_sc_hd__and2_2_X_B_sky130_fd_sc_hd__nand3_2_Y_A_sky130_fd_sc_hd__nand2_2_Y_B_sky130_fd_sc_hd__xor2_2_X_B,11.58µm
filter.x_in\[4\]_sky130_fd_sc_hd__xnor2_2_A_B_sky130_fd_sc_hd__a21oi_2_Y_B1_sky130_fd_sc_hd__and2b_2_X_A_N,11.46µm
spi_out.bit_cnt\[3\]_sky130_fd_sc_hd__dfrtp_2_Q_D,11.46µm
filter.y_out\[13\]_sky130_fd_sc_hd__dfrtp_2_Q_D_sky130_fd_sc_hd__xnor2_2_Y_A,11.42µm
filter.x_in\[0\]_sky130_fd_sc_hd__o21ai_2_A1_Y_sky130_fd_sc_hd__and2b_2_A_N_X_sky130_fd_sc_hd__or3_2_C_B,11.36µm
filter.x_in\[3\]_sky130_fd_sc_hd__a21oi_2_B1_Y_sky130_fd_sc_hd__o31a_2_A3_X_sky130_fd_sc_hd__nor2_2_A_B,11.34µm
filter.y_out\[0\]_sky130_fd_sc_hd__dfrtp_2_Q_D_sky130_fd_sc_hd__xor2_2_X_B_sky130_fd_sc_hd__xnor2_2_Y_A_sky130_fd_sc_hd__or2_2_X_B_sky130_fd_sc_hd__and3_2_X_C,11.3µm
filter.x_in\[0\]_sky130_fd_sc_hd__xnor2_2_A_Y_sky130_fd_sc_hd__and2_2_B_X_sky130_fd_sc_hd__o32a_2_A3_B1_sky130_fd_sc_hd__xnor2_2_Y_B,11.04µm
spi_in.bit_cnt\[2\]_sky130_fd_sc_hd__and2_2_A_X,11.04µm
filter.x_in\[9\]_sky130_fd_sc_hd__xnor2_2_A_Y_sky130_fd_sc_hd__xnor2_2_A_Y,10.92µm
filter.x_in\[0\]_sky130_fd_sc_hd__o21ai_2_A1_Y_sky130_fd_sc_hd__xnor2_2_A_Y_sky130_fd_sc_hd__xnor2_2_B_Y,10.885µm
filter.x_in\[2\]_sky130_fd_sc_hd__inv_2_A_Y_sky130_fd_sc_hd__xnor2_2_A_Y_sky130_fd_sc_hd__xnor2_2_B_Y,10.88µm
filter.y_out\[4\]_sky130_fd_sc_hd__dfrtp_2_Q_D_sky130_fd_sc_hd__xnor2_2_Y_A_sky130_fd_sc_hd__and2b_2_X_A_N,10.86µm
filter.x_in\[0\]_sky130_fd_sc_hd__o21ai_2_A1_Y,10.78µm
filter.x_in\[12\]_sky130_fd_sc_hd__a21oi_2_A1_Y_sky130_fd_sc_hd__or3_2_B_X,10.78µm
spi_out.shift_reg\[6\]_sky130_fd_sc_hd__mux2_1_A1_X,10.78µm
filter.x_in\[0\]_sky130_fd_sc_hd__o21ai_2_A1_Y_sky130_fd_sc_hd__xnor2_2_A_B,10.76µm
filter.x_in\[0\]_sky130_fd_sc_hd__o21ai_2_A1_Y_sky130_fd_sc_hd__xnor2_2_A_Y_sky130_fd_sc_hd__a21oi_2_A2_A1_sky130_fd_sc_hd__or2_2_X_B_sky130_fd_sc_hd__xor2_2_X_A,10.72µm
filter.y_out\[7\]_sky130_fd_sc_hd__dfrtp_2_Q_D_sky130_fd_sc_hd__xnor2_2_Y_A_sky130_fd_sc_hd__or2_2_A_X,10.7µm
spi_out.shift_reg\[5\]_sky130_fd_sc_hd__mux2_1_A1_X,10.7µm
filter.y_out\[0\]_sky130_fd_sc_hd__dfrtp_2_Q_D_sky130_fd_sc_hd__xor2_2_X_A_sky130_fd_sc_hd__and3b_2_X_C_sky130_fd_sc_hd__a21o_2_X_B1_sky130_fd_sc_hd__a2bb2o_2_X_B1_sky130_fd_sc_hd__a2bb2o_2_X_B1_sky130_fd_sc_hd__or3_2_X_C_sky130_fd_sc_hd__o21a_2_X_A2,10.635µm
filter.y_out\[15\]_sky130_fd_sc_hd__dfrtp_2_Q_D_sky130_fd_sc_hd__and3_2_X_C,10.58µm
spi_in.shift_reg\[0\]_sky130_fd_sc_hd__dfrtp_2_Q_D,10.54µm
filter.y_out\[10\]_sky130_fd_sc_hd__dfrtp_2_Q_D,10.44µm
filter.y_out\[1\]_sky130_fd_sc_hd__dfrtp_2_Q_D,10.44µm
spi_out.shift_reg\[14\],10.4µm
spi_out.shift_reg\[9\],10.4µm
filter.x_in\[10\]_sky130_fd_sc_hd__or2_2_A_B_sky130_fd_sc_hd__xor2_2_X_A_sky130_fd_sc_hd__and2_2_X_A,10.37µm
filter.x_in\[9\]_sky130_fd_sc_hd__xnor2_2_A_B_sky130_fd_sc_hd__xor2_2_X_B_sky130_fd_sc_hd__o21ai_2_Y_A1_sky130_fd_sc_hd__xnor2_2_Y_B,10.37µm
filter.x_in\[6\]_sky130_fd_sc_hd__and2_2_A_X_sky130_fd_sc_hd__xor2_2_A_X_sky130_fd_sc_hd__or3_2_C_A,10.36µm
filter.x_in\[14\]_sky130_fd_sc_hd__inv_2_A_Y_sky130_fd_sc_hd__or2_2_A_X_sky130_fd_sc_hd__and3_2_B_C_sky130_fd_sc_hd__xnor2_2_Y_B,10.34µm
filter.x_in\[2\]_sky130_fd_sc_hd__inv_2_A_Y_sky130_fd_sc_hd__xnor2_2_A_Y_sky130_fd_sc_hd__and2b_2_A_N_X_sky130_fd_sc_hd__a41oi_2_B1_Y_sky130_fd_sc_hd__xnor2_2_A_Y,10.34µm
filter.x_in\[9\]_sky130_fd_sc_hd__xnor2_2_A_B_sky130_fd_sc_hd__xor2_2_X_A,10.34µm
filter.x_in\[9\]_sky130_fd_sc_hd__xnor2_2_A_B_sky130_fd_sc_hd__xor2_2_X_A_sky130_fd_sc_hd__xnor2_2_Y_B,10.32µm
spi_in.bit_cnt\[1\],10.28µm
filter.y_out\[0\]_sky130_fd_sc_hd__dfrtp_2_Q_D_sky130_fd_sc_hd__xor2_2_X_A_sky130_fd_sc_hd__and3b_2_X_C_sky130_fd_sc_hd__a21o_2_X_A2_sky130_fd_sc_hd__o21ai_2_Y_B1_sky130_fd_sc_hd__or2_2_X_A_sky130_fd_sc_hd__a21oi_2_Y_A2_sky130_fd_sc_hd__xnor2_2_Y_B,10.24µm
filter.x_in\[3\]_sky130_fd_sc_hd__a21oi_2_B1_Y_sky130_fd_sc_hd__nor2_2_B_Y_sky130_fd_sc_hd__xnor2_2_B_Y,10.2µm
filter.y_out\[1\]_sky130_fd_sc_hd__dfrtp_2_Q_D_sky130_fd_sc_hd__xor2_2_X_A_sky130_fd_sc_hd__a2bb2o_2_X_A2_N,10.2µm
net1,10.1µm
filter.y_out\[0\]_sky130_fd_sc_hd__dfrtp_2_Q_D_sky130_fd_sc_hd__xor2_2_X_A_sky130_fd_sc_hd__and3b_2_X_A_N_sky130_fd_sc_hd__xnor2_2_Y_A_sky130_fd_sc_hd__a21oi_2_Y_A2,10µm
spi_in.shift_reg\[7\],9.98µm
spi_in.bit_cnt\[2\],9.94µm
filter.x_in\[11\]_sky130_fd_sc_hd__nand2_2_A_B_sky130_fd_sc_hd__and2_2_X_B_sky130_fd_sc_hd__nand3_2_Y_A_sky130_fd_sc_hd__nand2_2_Y_B_sky130_fd_sc_hd__xor2_2_X_A,9.9µm
spi_out.shift_reg\[10\],9.72µm
spi_out.shift_reg\[10\]_sky130_fd_sc_hd__mux2_1_A1_X,9.54µm
filter.y_out\[0\]_sky130_fd_sc_hd__dfrtp_2_Q_D,9.52µm
spi_out.bit_cnt\[4\]_sky130_fd_sc_hd__inv_2_A_Y,9.52µm
filter.x_in\[2\]_sky130_fd_sc_hd__inv_2_A_Y_sky130_fd_sc_hd__xnor2_2_A_B,9.44µm
filter.x_in\[3\]_sky130_fd_sc_hd__a21oi_2_B1_Y_sky130_fd_sc_hd__o31a_2_A3_A1_sky130_fd_sc_hd__a21oi_2_Y_A1_sky130_fd_sc_hd__xnor2_2_A_B,9.4µm
filter.y_out\[10\]_sky130_fd_sc_hd__dfrtp_2_Q_D_sky130_fd_sc_hd__xor2_2_X_B,9.36µm
filter.y_out\[4\]_sky130_fd_sc_hd__dfrtp_2_Q_D_sky130_fd_sc_hd__xnor2_2_Y_A_sky130_fd_sc_hd__and2b_2_X_B,9.36µm
filter.x_in\[11\]_sky130_fd_sc_hd__nand2_2_A_B_sky130_fd_sc_hd__and2_2_X_B_sky130_fd_sc_hd__nand3_2_Y_A,9.34µm
filter.x_in\[8\]_sky130_fd_sc_hd__xnor2_2_A_Y_sky130_fd_sc_hd__xor2_2_A_B_sky130_fd_sc_hd__xnor2_2_Y_A_sky130_fd_sc_hd__xnor2_2_Y_B,9.195µm
filter.y_out\[6\]_sky130_fd_sc_hd__dfrtp_2_Q_D,9.18µm
filter.x_in\[0\]_sky130_fd_sc_hd__o21ai_2_A1_Y_sky130_fd_sc_hd__xnor2_2_A_Y_sky130_fd_sc_hd__a21oi_2_A2_A1_sky130_fd_sc_hd__or2_2_X_B_sky130_fd_sc_hd__xor2_2_X_B,9.17µm
filter.x_in\[8\]_sky130_fd_sc_hd__xnor2_2_A_Y,9.04µm
filter.x_in\[3\]_sky130_fd_sc_hd__a21oi_2_B1_Y_sky130_fd_sc_hd__o31a_2_A3_B1,8.98µm
filter.x_in\[6\]_sky130_fd_sc_hd__and2_2_A_B_sky130_fd_sc_hd__a31o_2_X_B1_sky130_fd_sc_hd__and2_2_X_B_sky130_fd_sc_hd__o22a_2_X_B2_sky130_fd_sc_hd__nand2b_2_Y_A_N_sky130_fd_sc_hd__and2_2_B_X_sky130_fd_sc_hd__a21o_2_A2_X_sky130_fd_sc_hd__o22a_2_A2_B1,8.98µm
filter.y_out\[1\]_sky130_fd_sc_hd__dfrtp_2_Q_D_sky130_fd_sc_hd__xor2_2_X_B_sky130_fd_sc_hd__xnor2_2_Y_A,8.98µm
spi_sel_sky130_fd_sc_hd__nor2_2_A_Y,8.94µm
filter.x_in\[14\]_sky130_fd_sc_hd__inv_2_A_Y_sky130_fd_sc_hd__or2_2_A_B_sky130_fd_sc_hd__a21o_2_X_A2_sky130_fd_sc_hd__nand2_2_Y_B,8.9µm
filter.x_in\[5\]_sky130_fd_sc_hd__nand2_2_A_Y_sky130_fd_sc_hd__xor2_2_A_X_sky130_fd_sc_hd__xnor2_2_A_Y,8.84µm
filter.x_in\[14\]_sky130_fd_sc_hd__inv_2_A_Y_sky130_fd_sc_hd__or2_2_A_X_sky130_fd_sc_hd__and3_2_B_X,8.82µm
filter.y_out\[0\]_sky130_fd_sc_hd__dfrtp_2_Q_D_sky130_fd_sc_hd__xor2_2_X_A_sky130_fd_sc_hd__and3b_2_X_C_sky130_fd_sc_hd__a21o_2_X_B1_sky130_fd_sc_hd__a2bb2o_2_X_B1_sky130_fd_sc_hd__a2bb2o_2_X_B2_sky130_fd_sc_hd__o32a_2_X_A2_sky130_fd_sc_hd__and2b_2_A_N_B,8.82µm
filter.y_out\[7\]_sky130_fd_sc_hd__dfrtp_2_Q_D_sky130_fd_sc_hd__xnor2_2_Y_A_sky130_fd_sc_hd__nand2_2_Y_B,8.82µm
spi_out.shift_reg\[11\]_sky130_fd_sc_hd__dfrtp_2_Q_D,8.805µm
spi_out.shift_reg\[2\]_sky130_fd_sc_hd__mux2_1_A1_X,8.76µm
filter.x_in\[0\]_sky130_fd_sc_hd__xnor2_2_A_Y_sky130_fd_sc_hd__and2_2_B_X_sky130_fd_sc_hd__o32a_2_A3_A1,8.7µm
filter.x_in\[6\]_sky130_fd_sc_hd__and2_2_A_B_sky130_fd_sc_hd__a31o_2_X_B1_sky130_fd_sc_hd__and2_2_X_B_sky130_fd_sc_hd__o22a_2_X_B2_sky130_fd_sc_hd__nand2b_2_Y_A_N_sky130_fd_sc_hd__nand2_2_B_Y_sky130_fd_sc_hd__a21o_2_A2_X,8.62µm
filter.x_in\[9\]_sky130_fd_sc_hd__a21o_2_A1_X_sky130_fd_sc_hd__xor2_2_B_X_sky130_fd_sc_hd__o21ai_2_A1_Y,8.6µm
filter.x_in\[7\]_sky130_fd_sc_hd__nor2_2_A_Y_sky130_fd_sc_hd__or2_2_B_X_sky130_fd_sc_hd__nand2_2_A_Y,8.56µm
spi_out.bit_cnt\[3\]_sky130_fd_sc_hd__a21oi_2_B1_Y,8.56µm
spi_out.shift_reg\[7\],8.56µm
filter.x_in\[14\]_sky130_fd_sc_hd__inv_2_A_Y_sky130_fd_sc_hd__or2_2_A_B_sky130_fd_sc_hd__a21o_2_X_B1_sky130_fd_sc_hd__nor2_2_A_Y,8.52µm
net90,8.48µm
filter.x_in\[5\]_sky130_fd_sc_hd__or2_2_A_B_sky130_fd_sc_hd__o21ai_2_Y_A2,8.46µm
filter.y_out\[0\]_sky130_fd_sc_hd__dfrtp_2_Q_D_sky130_fd_sc_hd__xor2_2_X_A_sky130_fd_sc_hd__and3b_2_X_C_sky130_fd_sc_hd__a21o_2_X_B1_sky130_fd_sc_hd__a2bb2o_2_X_A1_N_sky130_fd_sc_hd__o2bb2a_2_X_A1_N_sky130_fd_sc_hd__a32o_2_X_A3,8.4µm
filter.y_out\[0\]_sky130_fd_sc_hd__dfrtp_2_Q_D_sky130_fd_sc_hd__xor2_2_X_A_sky130_fd_sc_hd__and3b_2_X_C_sky130_fd_sc_hd__a21o_2_X_B1_sky130_fd_sc_hd__a2bb2o_2_X_A1_N,8.375µm
filter.x_in\[6\]_sky130_fd_sc_hd__and2_2_A_B_sky130_fd_sc_hd__a31o_2_X_A2_sky130_fd_sc_hd__nor2_2_Y_B,8.36µm
filter.x_in\[0\]_sky130_fd_sc_hd__o21ai_2_A1_Y_sky130_fd_sc_hd__xnor2_2_A_B_sky130_fd_sc_hd__xnor2_2_Y_A_sky130_fd_sc_hd__o21ai_2_Y_B1_sky130_fd_sc_hd__nand2_2_Y_B_sky130_fd_sc_hd__a21o_2_X_A2,8.32µm
filter.y_out\[0\]_sky130_fd_sc_hd__dfrtp_2_Q_D_sky130_fd_sc_hd__xor2_2_X_A_sky130_fd_sc_hd__and3b_2_X_C_sky130_fd_sc_hd__a21o_2_X_B1_sky130_fd_sc_hd__a2bb2o_2_X_B1_sky130_fd_sc_hd__a2bb2o_2_X_B1_sky130_fd_sc_hd__or3_2_X_C_sky130_fd_sc_hd__o21a_2_X_A2_sky130_fd_sc_hd__o21ai_2_Y_B1_sky130_fd_sc_hd__or2_2_X_A,8.24µm
spi_in.sclk_prev,8.24µm
spi_out.shift_reg\[6\]_sky130_fd_sc_hd__dfrtp_2_Q_D,8.16µm
spi_out.shift_reg\[7\]_sky130_fd_sc_hd__dfrtp_2_Q_D,8.16µm
filter.x_in\[11\]_sky130_fd_sc_hd__nand2_2_A_B_sky130_fd_sc_hd__and2_2_X_B,8.14µm
filter.x_in\[2\]_sky130_fd_sc_hd__inv_2_A_Y_sky130_fd_sc_hd__xnor2_2_A_Y_sky130_fd_sc_hd__and2b_2_A_N_X_sky130_fd_sc_hd__a41oi_2_B1_Y_sky130_fd_sc_hd__xnor2_2_A_B,8.14µm
filter.y_out\[1\]_sky130_fd_sc_hd__dfrtp_2_Q_D_sky130_fd_sc_hd__xor2_2_X_B_sky130_fd_sc_hd__xnor2_2_Y_B,8.14µm
filter.x_in\[0\]_sky130_fd_sc_hd__xnor2_2_A_Y_sky130_fd_sc_hd__and2_2_B_X_sky130_fd_sc_hd__o32a_2_A3_B2_sky130_fd_sc_hd__o21a_2_X_B1_sky130_fd_sc_hd__nand2_2_Y_A_sky130_fd_sc_hd__and3_2_X_C,8.1µm
spi_out.shift_reg\[3\],8.1µm
filter.x_in\[7\]_sky130_fd_sc_hd__nor2_2_A_Y_sky130_fd_sc_hd__or2_2_B_X_sky130_fd_sc_hd__or2_2_A_B,8.02µm
net55,8.02µm
net69,8.02µm
filter.x_in\[2\]_sky130_fd_sc_hd__inv_2_A_Y_sky130_fd_sc_hd__o2bb2ai_2_B2_Y_sky130_fd_sc_hd__xor2_2_A_X_sky130_fd_sc_hd__xnor2_2_A_Y_sky130_fd_sc_hd__and3_2_C_X,8µm
filter.x_in\[11\]_sky130_fd_sc_hd__nand2_2_A_Y_sky130_fd_sc_hd__a211o_2_A2_X_sky130_fd_sc_hd__a21bo_2_A1_X,7.98µm
filter.x_in\[3\]_sky130_fd_sc_hd__a21oi_2_B1_Y_sky130_fd_sc_hd__o31a_2_A3_A1_sky130_fd_sc_hd__a21oi_2_Y_A1,7.98µm
spi_out.shift_reg\[13\],7.98µm
filter.x_in\[12\]_sky130_fd_sc_hd__a21oi_2_A1_B1_sky130_fd_sc_hd__and3_2_X_B_sky130_fd_sc_hd__a22o_2_X_A1_sky130_fd_sc_hd__xnor2_2_A_Y,7.94µm
spi_in.shift_reg\[11\],7.94µm
filter.x_in\[0\]_sky130_fd_sc_hd__o21ai_2_A1_Y_sky130_fd_sc_hd__and2b_2_A_N_X_sky130_fd_sc_hd__o21ai_2_A2_Y_sky130_fd_sc_hd__inv_2_A_Y,7.88µm
filter.x_in\[11\]_sky130_fd_sc_hd__xnor2_2_A_Y_sky130_fd_sc_hd__nand3_2_C_A,7.78µm
filter.y_out\[4\]_sky130_fd_sc_hd__dfrtp_2_Q_D,7.72µm
spi_out.shift_reg\[4\]_sky130_fd_sc_hd__dfrtp_2_Q_D,7.68µm
spi_out.shift_reg\[8\],7.64µm
filter.x_in\[5\]_sky130_fd_sc_hd__or2_2_A_X_sky130_fd_sc_hd__and2_2_B_X_sky130_fd_sc_hd__a22o_2_A1_X,7.62µm
filter.x_in\[0\]_sky130_fd_sc_hd__o21ai_2_A1_Y_sky130_fd_sc_hd__xnor2_2_A_B_sky130_fd_sc_hd__xnor2_2_Y_B,7.6µm
filter.x_in\[10\]_sky130_fd_sc_hd__or2_2_A_B_sky130_fd_sc_hd__xor2_2_X_B_sky130_fd_sc_hd__a31o_2_X_A2_sky130_fd_sc_hd__xor2_2_X_A_sky130_fd_sc_hd__a21o_2_B1_A2_sky130_fd_sc_hd__o21ba_2_A2_B1_N_sky130_fd_sc_hd__nand2_2_A_Y,7.56µm
filter.x_in\[7\]_sky130_fd_sc_hd__and2_2_A_B_sky130_fd_sc_hd__and3b_2_X_B,7.56µm
spi_out.bit_cnt\[0\]_sky130_fd_sc_hd__dfrtp_2_Q_D_sky130_fd_sc_hd__mux2_1_X_A0,7.56µm
spi_out.shift_reg\[2\]_sky130_fd_sc_hd__dfrtp_2_Q_RESET_B,7.49µm
filter.x_in\[0\]_sky130_fd_sc_hd__xnor2_2_A_Y_sky130_fd_sc_hd__and2_2_B_X_sky130_fd_sc_hd__o32a_2_A3_B1_sky130_fd_sc_hd__xnor2_2_Y_A,7.42µm
filter.y_out\[12\]_sky130_fd_sc_hd__dfrtp_2_Q_D,7.365µm
spi_in.shift_reg\[11\]_sky130_fd_sc_hd__dfrtp_2_Q_D,7.22µm
spi_in.shift_reg\[12\]_sky130_fd_sc_hd__dfrtp_2_Q_D,7.22µm
spi_out.bit_cnt\[4\]_sky130_fd_sc_hd__dfrtp_2_Q_D,7.22µm
net38,7.22µm
filter.x_in\[10\]_sky130_fd_sc_hd__or2_2_A_B_sky130_fd_sc_hd__xor2_2_X_B_sky130_fd_sc_hd__a31o_2_X_A3_sky130_fd_sc_hd__xnor2_2_Y_B,7.2µm
filter.x_in\[13\]_sky130_fd_sc_hd__dfrtp_2_Q_D,7.18µm
filter.x_in\[6\]_sky130_fd_sc_hd__and2_2_A_B_sky130_fd_sc_hd__a31o_2_X_B1,7.18µm
spi_in.valid_out,7.18µm
filter.x_in\[7\]_sky130_fd_sc_hd__nor2_2_A_Y_sky130_fd_sc_hd__or2_2_B_X_sky130_fd_sc_hd__or2_2_A_X,7.16µm
filter.x_in\[0\]_sky130_fd_sc_hd__o21ai_2_A1_Y_sky130_fd_sc_hd__xnor2_2_A_Y_sky130_fd_sc_hd__xnor2_2_B_A,7.12µm
filter.x_in\[10\]_sky130_fd_sc_hd__or2_2_A_B_sky130_fd_sc_hd__xor2_2_X_B_sky130_fd_sc_hd__a31o_2_X_A2_sky130_fd_sc_hd__xor2_2_X_A_sky130_fd_sc_hd__a21o_2_B1_A2,7.1µm
net37,7.1µm
filter.x_in\[11\]_sky130_fd_sc_hd__xnor2_2_A_Y,7.06µm
filter.x_in\[6\]_sky130_fd_sc_hd__and2_2_A_X_sky130_fd_sc_hd__a21oi_2_A1_A2_sky130_fd_sc_hd__or3_2_X_C,7.06µm
filter.x_in\[6\]_sky130_fd_sc_hd__dfrtp_2_Q_D,7.06µm
spi_in.shift_reg\[9\]_sky130_fd_sc_hd__dfrtp_2_Q_D,7.025µm
net77,7µm
spi_in.shift_reg\[1\]_sky130_fd_sc_hd__dfrtp_2_Q_RESET_B,6.91µm
filter.x_in\[0\]_sky130_fd_sc_hd__xnor2_2_A_Y_sky130_fd_sc_hd__and2_2_B_X_sky130_fd_sc_hd__nor2_2_B_Y_sky130_fd_sc_hd__xor2_2_B_X_sky130_fd_sc_hd__nor2_2_B_A_sky130_fd_sc_hd__a21boi_2_Y_B1_N,6.88µm
filter.x_in\[0\]_sky130_fd_sc_hd__o21ai_2_A1_Y_sky130_fd_sc_hd__and2b_2_A_N_X_sky130_fd_sc_hd__or3_2_C_B_sky130_fd_sc_hd__and3_2_X_C,6.8µm
filter.y_out\[0\]_sky130_fd_sc_hd__dfrtp_2_Q_D_sky130_fd_sc_hd__xor2_2_X_A_sky130_fd_sc_hd__and3b_2_X_C_sky130_fd_sc_hd__a21o_2_X_B1_sky130_fd_sc_hd__a2bb2o_2_X_B2,6.78µm
spi_in.shift_reg\[14\],6.76µm
filter.x_in\[0\]_sky130_fd_sc_hd__o21ai_2_A1_Y_sky130_fd_sc_hd__xnor2_2_A_Y_sky130_fd_sc_hd__a21oi_2_A2_Y_sky130_fd_sc_hd__xor2_2_B_X,6.74µm
filter.x_in\[2\]_sky130_fd_sc_hd__dfrtp_2_Q_D,6.72µm
filter.x_in\[6\]_sky130_fd_sc_hd__and2_2_A_B_sky130_fd_sc_hd__a31o_2_X_A2,6.72µm
spi_in.bit_cnt\[3\]_sky130_fd_sc_hd__dfrtp_2_Q_D,6.72µm
filter.x_in\[8\]_sky130_fd_sc_hd__xnor2_2_A_Y_sky130_fd_sc_hd__xor2_2_A_B_sky130_fd_sc_hd__xnor2_2_Y_B_sky130_fd_sc_hd__a22o_2_X_A2_sky130_fd_sc_hd__inv_2_Y_A,6.7µm
filter.x_in\[2\]_sky130_fd_sc_hd__inv_2_A_Y_sky130_fd_sc_hd__xnor2_2_A_Y_sky130_fd_sc_hd__and2b_2_A_N_X,6.66µm
filter.x_in\[12\]_sky130_fd_sc_hd__a21oi_2_A1_B1_sky130_fd_sc_hd__and3_2_X_B_sky130_fd_sc_hd__a22o_2_X_A1_sky130_fd_sc_hd__nand2_2_Y_B,6.64µm
filter.x_in\[7\]_sky130_fd_sc_hd__dfrtp_2_Q_D,6.64µm
filter.x_in\[13\]_sky130_fd_sc_hd__or2_2_A_B_sky130_fd_sc_hd__and2_2_X_A_sky130_fd_sc_hd__or2_2_X_B_sky130_fd_sc_hd__xnor2_2_Y_B,6.62µm
filter.y_out\[0\]_sky130_fd_sc_hd__dfrtp_2_Q_D_sky130_fd_sc_hd__xor2_2_X_A_sky130_fd_sc_hd__and3b_2_X_C_sky130_fd_sc_hd__a21o_2_X_A2_sky130_fd_sc_hd__o21ai_2_Y_B1,6.6µm
filter.y_out\[0\]_sky130_fd_sc_hd__dfrtp_2_Q_D_sky130_fd_sc_hd__xor2_2_X_A_sky130_fd_sc_hd__and3b_2_X_C_sky130_fd_sc_hd__a21o_2_X_A2_sky130_fd_sc_hd__o21ai_2_Y_B1_sky130_fd_sc_hd__or2_2_X_A_sky130_fd_sc_hd__a21oi_2_Y_A1_sky130_fd_sc_hd__and2_2_X_B,6.6µm
filter.x_in\[7\]_sky130_fd_sc_hd__and2_2_A_B_sky130_fd_sc_hd__and3b_2_X_C,6.52µm
filter.x_in\[10\]_sky130_fd_sc_hd__or2_2_A_B_sky130_fd_sc_hd__xor2_2_X_B_sky130_fd_sc_hd__a31o_2_X_A2_sky130_fd_sc_hd__xor2_2_X_A_sky130_fd_sc_hd__a21o_2_B1_A2_sky130_fd_sc_hd__o21ba_2_A2_B1_N_sky130_fd_sc_hd__xnor2_2_A_Y,6.48µm
filter.y_out\[0\]_sky130_fd_sc_hd__dfrtp_2_Q_D_sky130_fd_sc_hd__xor2_2_X_B,6.48µm
filter.y_out\[0\]_sky130_fd_sc_hd__dfrtp_2_Q_D_sky130_fd_sc_hd__xor2_2_X_A_sky130_fd_sc_hd__and3b_2_X_B_sky130_fd_sc_hd__o211a_2_X_C1_sky130_fd_sc_hd__or3_2_X_A_sky130_fd_sc_hd__and2b_2_X_B_sky130_fd_sc_hd__a22o_2_X_B1,6.42µm
spi_out.shift_reg\[13\]_sky130_fd_sc_hd__dfrtp_2_Q_D,6.42µm
filter.x_in\[4\]_sky130_fd_sc_hd__xnor2_2_A_B_sky130_fd_sc_hd__a21oi_2_Y_B1_sky130_fd_sc_hd__and2b_2_X_B_sky130_fd_sc_hd__a31o_2_X_A2,6.4µm
filter.x_in\[12\]_sky130_fd_sc_hd__a21oi_2_A1_B1_sky130_fd_sc_hd__and3_2_X_B_sky130_fd_sc_hd__a22o_2_X_A1_sky130_fd_sc_hd__xnor2_2_A_B_sky130_fd_sc_hd__and2_2_X_A,6.3µm
filter.x_in\[3\]_sky130_fd_sc_hd__a21oi_2_B1_Y_sky130_fd_sc_hd__o31a_2_A3_A1_sky130_fd_sc_hd__a21oi_2_Y_A1_sky130_fd_sc_hd__xnor2_2_A_Y_sky130_fd_sc_hd__xnor2_2_A_B,6.3µm
filter.y_out\[2\]_sky130_fd_sc_hd__dfrtp_2_Q_D_sky130_fd_sc_hd__xor2_2_X_A_sky130_fd_sc_hd__a31o_2_A3_B1,6.27µm
filter.x_in\[12\]_sky130_fd_sc_hd__xnor2_2_A_B_sky130_fd_sc_hd__xnor2_2_Y_B_sky130_fd_sc_hd__a31o_2_X_A3,6.26µm
filter.x_in\[13\]_sky130_fd_sc_hd__or2_2_A_X,6.2µm
filter.x_in\[10\]_sky130_fd_sc_hd__or2_2_A_B_sky130_fd_sc_hd__xor2_2_X_B_sky130_fd_sc_hd__a31o_2_X_A2_sky130_fd_sc_hd__xor2_2_X_B,6.19µm
filter.x_in\[14\]_sky130_fd_sc_hd__inv_2_A_Y_sky130_fd_sc_hd__nand2_2_A_Y,6.18µm
filter.x_in\[9\]_sky130_fd_sc_hd__xnor2_2_A_B_sky130_fd_sc_hd__xor2_2_X_B_sky130_fd_sc_hd__o21ai_2_Y_B1,6.18µm
net88,6.18µm
filter.x_in\[13\]_sky130_fd_sc_hd__or2_2_A_B_sky130_fd_sc_hd__and2_2_X_B,6.14µm
filter.y_out\[0\]_sky130_fd_sc_hd__dfrtp_2_Q_D_sky130_fd_sc_hd__xor2_2_X_A_sky130_fd_sc_hd__and3b_2_X_A_N_sky130_fd_sc_hd__xnor2_2_Y_A_sky130_fd_sc_hd__a21oi_2_Y_A1,6.04µm
spi_out.shift_reg\[1\]_sky130_fd_sc_hd__mux2_1_A1_X,6.04µm
net50,5.98µm
spi_sel,5.97µm
filter.x_in\[4\]_sky130_fd_sc_hd__xnor2_2_A_B_sky130_fd_sc_hd__a21oi_2_Y_B1_sky130_fd_sc_hd__and2b_2_X_B_sky130_fd_sc_hd__a31o_2_X_A3,5.94µm
spi_in.bit_cnt\[1\]_sky130_fd_sc_hd__dfrtp_2_Q_RESET_B,5.94µm
filter.x_in\[0\]_sky130_fd_sc_hd__dfrtp_2_Q_RESET_B,5.91µm
filter.x_in\[11\]_sky130_fd_sc_hd__dfrtp_2_Q_RESET_B,5.91µm
spi_out.shift_reg\[12\]_sky130_fd_sc_hd__dfrtp_2_Q_RESET_B,5.91µm
filter.y_out\[2\]_sky130_fd_sc_hd__dfrtp_2_Q_D_sky130_fd_sc_hd__xor2_2_X_B,5.86µm
spi_out.shift_reg\[12\]_sky130_fd_sc_hd__dfrtp_2_Q_D,5.84µm
filter.x_in\[5\]_sky130_fd_sc_hd__or2_2_A_B_sky130_fd_sc_hd__o21ai_2_Y_A2_sky130_fd_sc_hd__nor2_2_Y_B_sky130_fd_sc_hd__xnor2_2_Y_B,5.8µm
filter.y_out\[15\]_sky130_fd_sc_hd__dfrtp_2_Q_D_sky130_fd_sc_hd__and3_2_X_C_sky130_fd_sc_hd__a21o_2_X_A2_sky130_fd_sc_hd__inv_2_Y_A,5.8µm
spi_in.shift_reg\[5\]_sky130_fd_sc_hd__dfrtp_2_Q_D,5.8µm
filter.x_in\[11\]_sky130_fd_sc_hd__xnor2_2_A_Y_sky130_fd_sc_hd__nand3_2_C_Y,5.74µm
filter.x_in\[10\]_sky130_fd_sc_hd__or2_2_A_B_sky130_fd_sc_hd__xor2_2_X_A_sky130_fd_sc_hd__and2_2_X_B,5.72µm
filter.y_out\[5\]_sky130_fd_sc_hd__dfrtp_2_Q_D_sky130_fd_sc_hd__xor2_2_X_A,5.72µm
net64,5.72µm
filter.x_in\[0\]_sky130_fd_sc_hd__o21ai_2_A1_Y_sky130_fd_sc_hd__xnor2_2_A_Y_sky130_fd_sc_hd__a21oi_2_A2_A1,5.68µm
filter.x_in\[2\]_sky130_fd_sc_hd__inv_2_A_Y_sky130_fd_sc_hd__o2bb2ai_2_B2_Y_sky130_fd_sc_hd__xor2_2_A_X_sky130_fd_sc_hd__a21o_2_A1_B1,5.68µm
net53,5.62µm
filter.x_in\[10\]_sky130_fd_sc_hd__or2_2_A_B_sky130_fd_sc_hd__xor2_2_X_B_sky130_fd_sc_hd__a31o_2_X_A3_sky130_fd_sc_hd__xnor2_2_Y_B_sky130_fd_sc_hd__nand2b_2_Y_B,5.605µm
filter.x_in\[2\]_sky130_fd_sc_hd__inv_2_A_Y_sky130_fd_sc_hd__xnor2_2_A_Y_sky130_fd_sc_hd__xnor2_2_B_A_sky130_fd_sc_hd__o21ai_2_Y_B1,5.6µm
filter.x_in\[4\]_sky130_fd_sc_hd__xnor2_2_A_B_sky130_fd_sc_hd__a21oi_2_Y_A2_sky130_fd_sc_hd__xnor2_2_Y_B_sky130_fd_sc_hd__xnor2_2_B_Y,5.6µm
filter.x_in\[4\]_sky130_fd_sc_hd__xnor2_2_A_Y_sky130_fd_sc_hd__xnor2_2_B_Y_sky130_fd_sc_hd__xnor2_2_A_Y_sky130_fd_sc_hd__and2b_2_A_N_X,5.52µm
filter.y_out\[9\]_sky130_fd_sc_hd__dfrtp_2_Q_D,5.52µm
spi_out.bit_cnt\[4\]_sky130_fd_sc_hd__o21a_2_B1_X,5.52µm
net91,5.52µm
spi_out.shift_reg\[14\]_sky130_fd_sc_hd__dfrtp_2_Q_D,5.48µm
spi_miso,5.41µm
filter.x_in\[0\]_sky130_fd_sc_hd__xnor2_2_A_Y_sky130_fd_sc_hd__and2_2_B_X_sky130_fd_sc_hd__o32a_2_A3_B1_sky130_fd_sc_hd__xnor2_2_Y_A_sky130_fd_sc_hd__o21ba_2_X_A2_sky130_fd_sc_hd__xnor2_2_Y_B,5.38µm
filter.x_in\[0\]_sky130_fd_sc_hd__xnor2_2_A_Y_sky130_fd_sc_hd__and2_2_B_X_sky130_fd_sc_hd__o32a_2_A3_B2_sky130_fd_sc_hd__o21a_2_X_B1,5.38µm
filter.x_in\[10\]_sky130_fd_sc_hd__or2_2_A_B_sky130_fd_sc_hd__xor2_2_X_B_sky130_fd_sc_hd__a31o_2_X_B1,5.38µm
filter.x_in\[10\]_sky130_fd_sc_hd__dfrtp_2_Q_D,5.34µm
filter.x_in\[11\]_sky130_fd_sc_hd__nand2_2_A_Y_sky130_fd_sc_hd__a21oi_2_A2_Y_sky130_fd_sc_hd__nand2b_2_A_N_Y,5.34µm
spi_clk,5.29µm
filter.x_in\[6\]_sky130_fd_sc_hd__and2_2_A_X_sky130_fd_sc_hd__xor2_2_A_X_sky130_fd_sc_hd__or3_2_C_X,5.28µm
filter.y_out\[5\]_sky130_fd_sc_hd__dfrtp_2_Q_D_sky130_fd_sc_hd__xor2_2_X_B_sky130_fd_sc_hd__nand2_2_Y_A_sky130_fd_sc_hd__or2_2_X_B,5.26µm
spi_out.shift_reg\[2\]_sky130_fd_sc_hd__dfrtp_2_Q_D,5.26µm
net42,5.26µm
net57,5.26µm
filter.x_in\[7\]_sky130_fd_sc_hd__and2_2_A_X_sky130_fd_sc_hd__xnor2_2_A_B,5.24µm
filter.y_out\[0\]_sky130_fd_sc_hd__dfrtp_2_Q_D_sky130_fd_sc_hd__xor2_2_X_A_sky130_fd_sc_hd__and3b_2_X_C_sky130_fd_sc_hd__a21o_2_X_A1_sky130_fd_sc_hd__nor2_2_Y_A,5.24µm
spi_out.shift_reg\[3\]_sky130_fd_sc_hd__dfrtp_2_Q_D,5.225µm
filter.x_in\[0\]_sky130_fd_sc_hd__o21ai_2_A1_Y_sky130_fd_sc_hd__and2b_2_A_N_X_sky130_fd_sc_hd__or3_2_C_X,5.22µm
filter.y_out\[4\]_sky130_fd_sc_hd__dfrtp_2_Q_D_sky130_fd_sc_hd__xnor2_2_Y_A,5.22µm
filter.x_in\[3\]_sky130_fd_sc_hd__dfrtp_2_Q_RESET_B,5.21µm
filter.x_in\[5\]_sky130_fd_sc_hd__or2_2_A_B_sky130_fd_sc_hd__o21ai_2_Y_B1,5.14µm
filter.x_in\[6\]_sky130_fd_sc_hd__and2_2_A_X_sky130_fd_sc_hd__a21oi_2_A1_B1,5.14µm
net84,5.12µm
net93,5.12µm
net61,5.1µm
filter.x_in\[0\]_sky130_fd_sc_hd__xnor2_2_A_Y_sky130_fd_sc_hd__and2_2_B_X_sky130_fd_sc_hd__o32a_2_A3_X_sky130_fd_sc_hd__xnor2_2_A_Y,5.02µm
spi_in.shift_reg\[6\]_sky130_fd_sc_hd__dfrtp_2_Q_RESET_B,5.02µm
filter.x_in\[2\]_sky130_fd_sc_hd__inv_2_A_Y_sky130_fd_sc_hd__o2bb2ai_2_B2_Y_sky130_fd_sc_hd__xor2_2_A_X_sky130_fd_sc_hd__xnor2_2_A_Y_sky130_fd_sc_hd__a21oi_2_B1_Y,4.99µm
filter.x_in\[9\]_sky130_fd_sc_hd__a21o_2_A1_X_sky130_fd_sc_hd__nand2b_2_B_Y_sky130_fd_sc_hd__o211a_2_A1_X,4.94µm
filter.x_in\[0\]_sky130_fd_sc_hd__o21ai_2_A1_Y_sky130_fd_sc_hd__xnor2_2_A_B_sky130_fd_sc_hd__xnor2_2_Y_A_sky130_fd_sc_hd__o21ai_2_Y_B1_sky130_fd_sc_hd__nand2_2_Y_B_sky130_fd_sc_hd__a21o_2_X_B1,4.92µm
filter.y_out\[0\]_sky130_fd_sc_hd__dfrtp_2_Q_D_sky130_fd_sc_hd__xor2_2_X_A_sky130_fd_sc_hd__and3b_2_X_C_sky130_fd_sc_hd__a21o_2_X_B1_sky130_fd_sc_hd__a2bb2o_2_X_B1_sky130_fd_sc_hd__a2bb2o_2_X_B2,4.92µm
net40,4.92µm
filter.x_in\[12\]_sky130_fd_sc_hd__xnor2_2_A_B_sky130_fd_sc_hd__xnor2_2_Y_B_sky130_fd_sc_hd__a31o_2_X_B1,4.88µm
spi_in.bit_cnt\[1\]_sky130_fd_sc_hd__a21oi_2_B1_Y,4.88µm
spi_in.shift_reg\[5\]_sky130_fd_sc_hd__dfrtp_2_Q_RESET_B,4.87µm
spi_mosi,4.85µm
filter.x_in\[14\]_sky130_fd_sc_hd__inv_2_A_Y_sky130_fd_sc_hd__or2_2_A_B_sky130_fd_sc_hd__a21o_2_X_A2,4.82µm
filter.x_in\[0\]_sky130_fd_sc_hd__xnor2_2_A_Y_sky130_fd_sc_hd__and2_2_B_X,4.8µm
filter.x_in\[10\]_sky130_fd_sc_hd__or2_2_A_B,4.8µm
filter.y_out\[9\]_sky130_fd_sc_hd__dfrtp_2_Q_D_sky130_fd_sc_hd__xor2_2_X_B_sky130_fd_sc_hd__xor2_2_X_A,4.8µm
filter.x_in\[3\]_sky130_fd_sc_hd__a21oi_2_B1_Y_sky130_fd_sc_hd__nor2_2_B_Y,4.76µm
filter.y_out\[0\]_sky130_fd_sc_hd__dfrtp_2_Q_D_sky130_fd_sc_hd__xor2_2_X_B_sky130_fd_sc_hd__xnor2_2_Y_B,4.76µm
filter.y_out\[15\]_sky130_fd_sc_hd__dfrtp_2_Q_D_sky130_fd_sc_hd__and3_2_X_C_sky130_fd_sc_hd__a21o_2_X_B1_sky130_fd_sc_hd__xnor2_2_Y_B,4.76µm
reset,4.61µm
net56,4.6µm
filter.x_in\[8\]_sky130_fd_sc_hd__dfrtp_2_Q_D,4.58µm
spi_in.shift_reg\[3\]_sky130_fd_sc_hd__dfrtp_2_Q_RESET_B,4.53µm
filter.x_in\[14\]_sky130_fd_sc_hd__dfrtp_2_Q_D,4.46µm
filter.y_out\[3\]_sky130_fd_sc_hd__dfrtp_2_Q_D_sky130_fd_sc_hd__nor2_2_Y_B_sky130_fd_sc_hd__and2b_2_X_B_sky130_fd_sc_hd__xor2_2_X_B,4.46µm
spi_out.shift_reg\[8\]_sky130_fd_sc_hd__dfrtp_2_Q_D,4.46µm
net79,4.46µm
spi_out.shift_reg\[4\]_sky130_fd_sc_hd__mux2_1_A1_X,4.42µm
filter.x_in\[6\]_sky130_fd_sc_hd__and2_2_A_B_sky130_fd_sc_hd__a31o_2_X_B1_sky130_fd_sc_hd__and2_2_X_B_sky130_fd_sc_hd__o22a_2_X_B2_sky130_fd_sc_hd__nand2b_2_Y_A_N_sky130_fd_sc_hd__nand2_2_B_Y,4.36µm
filter.x_in\[6\]_sky130_fd_sc_hd__and2_2_A_X_sky130_fd_sc_hd__a21oi_2_A1_A2,4.34µm
net82,4.34µm
spi_in.shift_reg\[3\]_sky130_fd_sc_hd__dfrtp_2_Q_D,4.32µm
net48,4.22µm
spi_in.shift_reg\[2\]_sky130_fd_sc_hd__dfrtp_2_Q_RESET_B,4.15µm
spi_out.shift_reg\[5\]_sky130_fd_sc_hd__dfrtp_2_Q_D,4.12µm
filter.x_in\[11\]_sky130_fd_sc_hd__nand2_2_A_Y_sky130_fd_sc_hd__and3_2_B_X,4.1µm
filter.x_in\[5\]_sky130_fd_sc_hd__dfrtp_2_Q_RESET_B,4.08µm
spi_in.shift_reg\[13\]_sky130_fd_sc_hd__dfrtp_2_Q_RESET_B,4.08µm
spi_out.shift_reg\[0\]_sky130_fd_sc_hd__dfrtp_2_Q_D,4.08µm
filter.x_in\[4\]_sky130_fd_sc_hd__and2b_2_B_X_sky130_fd_sc_hd__a21o_2_B1_X_sky130_fd_sc_hd__xnor2_2_A_B,4.02µm
filter.x_in\[10\]_sky130_fd_sc_hd__or2_2_A_X,4µm
filter.x_in\[12\]_sky130_fd_sc_hd__xnor2_2_A_B_sky130_fd_sc_hd__xnor2_2_Y_B_sky130_fd_sc_hd__a31o_2_X_B1_sky130_fd_sc_hd__and2b_2_X_B_sky130_fd_sc_hd__and2_2_X_B,4µm
filter.x_in\[3\]_sky130_fd_sc_hd__a21oi_2_B1_Y_sky130_fd_sc_hd__o31a_2_A3_X_sky130_fd_sc_hd__xnor2_2_A_Y_sky130_fd_sc_hd__nand3_2_C_Y,4µm
filter.x_in\[5\]_sky130_fd_sc_hd__or2_2_A_B_sky130_fd_sc_hd__o21ai_2_Y_A2_sky130_fd_sc_hd__nor2_2_B_A,4µm
filter.x_in\[5\]_sky130_fd_sc_hd__or2_2_A_B_sky130_fd_sc_hd__o21ai_2_Y_A2_sky130_fd_sc_hd__nor2_2_B_Y,4µm
filter.y_out\[0\]_sky130_fd_sc_hd__dfrtp_2_Q_D_sky130_fd_sc_hd__xor2_2_X_A_sky130_fd_sc_hd__and3b_2_X_C_sky130_fd_sc_hd__a21o_2_X_B1_sky130_fd_sc_hd__a2bb2o_2_X_B1_sky130_fd_sc_hd__a2bb2o_2_X_B1_sky130_fd_sc_hd__or3_2_X_C_sky130_fd_sc_hd__o21a_2_X_B1,4µm
filter.y_out\[2\]_sky130_fd_sc_hd__dfrtp_2_Q_D_sky130_fd_sc_hd__xor2_2_X_A_sky130_fd_sc_hd__xor2_2_X_B_sky130_fd_sc_hd__xnor2_2_Y_A_sky130_fd_sc_hd__a21o_2_X_B1,4µm
spi_in.shift_reg\[1\]_sky130_fd_sc_hd__dfrtp_2_Q_D,4µm
filter.x_in\[14\]_sky130_fd_sc_hd__inv_2_A_Y_sky130_fd_sc_hd__or2_2_A_B_sky130_fd_sc_hd__a21o_2_X_A1_sky130_fd_sc_hd__or2_2_X_A_sky130_fd_sc_hd__xnor2_2_Y_B,3.98µm
filter.x_in\[3\]_sky130_fd_sc_hd__dfrtp_2_Q_D,3.9µm
spi_clk_sky130_fd_sc_hd__or3b_2_A_X,3.9µm
filter.x_in\[14\],3.88µm
filter.y_out\[12\]_sky130_fd_sc_hd__dfrtp_2_Q_D_sky130_fd_sc_hd__xnor2_2_Y_B_sky130_fd_sc_hd__a21o_2_X_A1,3.88µm
net51,3.88µm
net63,3.88µm
net41,3.78µm
filter.y_out\[4\]_sky130_fd_sc_hd__dfrtp_2_Q_RESET_B,3.76µm
filter.x_in\[0\]_sky130_fd_sc_hd__xnor2_2_A_Y_sky130_fd_sc_hd__and2_2_B_X_sky130_fd_sc_hd__o32a_2_A3_B2_sky130_fd_sc_hd__o21a_2_X_A2_sky130_fd_sc_hd__xor2_2_B_X_sky130_fd_sc_hd__xor2_2_B_A_sky130_fd_sc_hd__a31o_2_X_B1,3.68µm
filter.x_in\[6\]_sky130_fd_sc_hd__and2_2_A_B_sky130_fd_sc_hd__a31o_2_X_A3_sky130_fd_sc_hd__nand2_2_B_Y,3.68µm
filter.y_out\[0\]_sky130_fd_sc_hd__dfrtp_2_Q_D_sky130_fd_sc_hd__xor2_2_X_A_sky130_fd_sc_hd__and3b_2_X_C_sky130_fd_sc_hd__a21o_2_X_A2_sky130_fd_sc_hd__o21ai_2_Y_B1_sky130_fd_sc_hd__or2_2_X_A_sky130_fd_sc_hd__a21oi_2_Y_B1,3.66µm
filter.y_out\[0\]_sky130_fd_sc_hd__dfrtp_2_Q_D_sky130_fd_sc_hd__xor2_2_X_A_sky130_fd_sc_hd__and3b_2_X_C_sky130_fd_sc_hd__a21o_2_X_B1_sky130_fd_sc_hd__a2bb2o_2_X_B1_sky130_fd_sc_hd__a2bb2o_2_X_B1,3.66µm
spi_out.bit_cnt\[1\]_sky130_fd_sc_hd__dfrtp_2_Q_D,3.66µm
spi_out.shift_reg\[11\]_sky130_fd_sc_hd__dfrtp_2_Q_RESET_B,3.66µm
filter.y_out\[0\]_sky130_fd_sc_hd__dfrtp_2_Q_D_sky130_fd_sc_hd__xor2_2_X_A_sky130_fd_sc_hd__and3b_2_X_C_sky130_fd_sc_hd__a21o_2_X_B1_sky130_fd_sc_hd__a2bb2o_2_X_B2_sky130_fd_sc_hd__o2bb2a_2_X_B2,3.64µm
filter.x_in\[10\]_sky130_fd_sc_hd__or2_2_A_B_sky130_fd_sc_hd__xor2_2_X_A_sky130_fd_sc_hd__and2_2_X_A_sky130_fd_sc_hd__or2_2_X_B,3.56µm
filter.y_out\[14\]_sky130_fd_sc_hd__dfrtp_2_Q_D_sky130_fd_sc_hd__xnor2_2_Y_B,3.56µm
filter.y_out\[15\]_sky130_fd_sc_hd__dfrtp_2_Q_D_sky130_fd_sc_hd__and3_2_X_B_sky130_fd_sc_hd__a21boi_2_Y_A1_sky130_fd_sc_hd__a22oi_2_Y_B1,3.56µm
filter.y_out\[6\]_sky130_fd_sc_hd__dfrtp_2_Q_D_sky130_fd_sc_hd__xnor2_2_Y_B_sky130_fd_sc_hd__o311a_2_A2_B1,3.56µm
filter.x_in\[12\]_sky130_fd_sc_hd__a21oi_2_A1_Y_sky130_fd_sc_hd__o21a_2_A2_X,3.54µm
filter.x_in\[4\]_sky130_fd_sc_hd__dfrtp_2_Q_D,3.54µm
filter.y_out\[15\]_sky130_fd_sc_hd__dfrtp_2_Q_D_sky130_fd_sc_hd__and3_2_X_B_sky130_fd_sc_hd__a21boi_2_Y_A2_sky130_fd_sc_hd__o21ai_2_Y_A2_sky130_fd_sc_hd__xnor2_2_Y_B,3.54µm
spi_out.shift_reg\[9\]_sky130_fd_sc_hd__dfrtp_2_Q_D,3.54µm
filter.x_in\[6\]_sky130_fd_sc_hd__nor2_2_A_Y_sky130_fd_sc_hd__nor2_2_B_Y_sky130_fd_sc_hd__nor2_2_A_B,3.44µm
filter.y_out\[0\]_sky130_fd_sc_hd__dfrtp_2_Q_D_sky130_fd_sc_hd__xor2_2_X_A_sky130_fd_sc_hd__and3b_2_X_B_sky130_fd_sc_hd__o211a_2_X_C1,3.42µm
spi_out.bit_cnt\[1\]_sky130_fd_sc_hd__a21oi_2_B1_Y,3.42µm
filter.x_in\[12\]_sky130_fd_sc_hd__a21oi_2_A1_B1_sky130_fd_sc_hd__and3_2_X_B_sky130_fd_sc_hd__a22o_2_X_B1_sky130_fd_sc_hd__nand2b_2_B_Y,3.3µm
net59,3.3µm
spi_out.bit_cnt\[1\]_sky130_fd_sc_hd__dfrtp_2_Q_RESET_B,3.23µm
spi_out.shift_reg\[9\]_sky130_fd_sc_hd__dfrtp_2_Q_RESET_B,3.23µm
net60,3.22µm
filter.x_in\[6\]_sky130_fd_sc_hd__nor2_2_A_Y_sky130_fd_sc_hd__nor2_2_B_Y_sky130_fd_sc_hd__nor2_2_A_Y,3.2µm
spi_in.shift_reg\[7\]_sky130_fd_sc_hd__dfrtp_2_Q_D,3.2µm
spi_in.shift_reg\[8\]_sky130_fd_sc_hd__dfrtp_2_Q_D,3.2µm
net65,3.2µm
filter.y_out\[6\]_sky130_fd_sc_hd__dfrtp_2_Q_D_sky130_fd_sc_hd__xnor2_2_Y_A,3.1µm
filter.x_in\[11\]_sky130_fd_sc_hd__nand2_2_A_B_sky130_fd_sc_hd__and2_2_X_B_sky130_fd_sc_hd__nand3_2_Y_A_sky130_fd_sc_hd__nand2_2_A_B,3.08µm
filter.x_in\[13\]_sky130_fd_sc_hd__or2_2_A_B,3.08µm
filter.x_in\[15\]_sky130_fd_sc_hd__dfrtp_2_Q_RESET_B,3.08µm
filter.x_in\[9\]_sky130_fd_sc_hd__xnor2_2_A_Y_sky130_fd_sc_hd__and2b_2_A_N_X,3.08µm
filter.y_out\[9\]_sky130_fd_sc_hd__dfrtp_2_Q_RESET_B,3.08µm
filter.y_out\[15\]_sky130_fd_sc_hd__dfrtp_2_Q_D_sky130_fd_sc_hd__and3_2_X_B_sky130_fd_sc_hd__a21boi_2_Y_A1_sky130_fd_sc_hd__a22oi_2_Y_A2,3.06µm
spi_miso_sky130_fd_sc_hd__dfrtp_2_Q_RESET_B,3.06µm
spi_out.shift_reg\[5\]_sky130_fd_sc_hd__dfrtp_2_Q_RESET_B,3.06µm
filter.x_in\[14\]_sky130_fd_sc_hd__inv_2_A_Y_sky130_fd_sc_hd__or2_2_A_X_sky130_fd_sc_hd__and3_2_B_A_sky130_fd_sc_hd__or2_2_X_B_sky130_fd_sc_hd__a21o_2_X_B1,2.98µm
filter.x_in\[6\]_sky130_fd_sc_hd__and2_2_A_B_sky130_fd_sc_hd__a31o_2_X_B1_sky130_fd_sc_hd__and2_2_X_B_sky130_fd_sc_hd__o22a_2_X_B2_sky130_fd_sc_hd__nand2b_2_Y_A_N_sky130_fd_sc_hd__and2_2_B_X_sky130_fd_sc_hd__o211a_2_A1_A2,2.98µm
filter.x_in\[0\]_sky130_fd_sc_hd__xnor2_2_A_Y_sky130_fd_sc_hd__and2_2_B_X_sky130_fd_sc_hd__nor2_2_B_Y,2.96µm
filter.y_out\[13\]_sky130_fd_sc_hd__dfrtp_2_Q_D_sky130_fd_sc_hd__xnor2_2_Y_B_sky130_fd_sc_hd__o31a_2_X_B1,2.96µm
filter.y_out\[6\]_sky130_fd_sc_hd__dfrtp_2_Q_D_sky130_fd_sc_hd__xnor2_2_Y_B_sky130_fd_sc_hd__xnor2_2_Y_B_sky130_fd_sc_hd__nand2_2_Y_B,2.96µm
net66,2.96µm
net46,2.86µm
net52,2.86µm
filter.x_in\[6\]_sky130_fd_sc_hd__nor2_2_A_Y,2.84µm
filter.x_in\[9\]_sky130_fd_sc_hd__dfrtp_2_Q_RESET_B,2.84µm
filter.y_out\[11\]_sky130_fd_sc_hd__dfrtp_2_Q_RESET_B,2.84µm
filter.y_out\[2\]_sky130_fd_sc_hd__dfrtp_2_Q_RESET_B,2.84µm
filter.y_out\[5\]_sky130_fd_sc_hd__dfrtp_2_Q_RESET_B,2.84µm
filter.y_out\[8\]_sky130_fd_sc_hd__dfrtp_2_Q_RESET_B,2.84µm
spi_in.bit_cnt\[3\]_sky130_fd_sc_hd__dfrtp_2_Q_RESET_B,2.84µm
spi_in.sclk_prev_sky130_fd_sc_hd__dfrtp_2_Q_RESET_B,2.77µm
filter.y_out\[0\]_sky130_fd_sc_hd__dfrtp_2_Q_D_sky130_fd_sc_hd__xor2_2_X_A_sky130_fd_sc_hd__and3b_2_X_C_sky130_fd_sc_hd__a21o_2_X_B1_sky130_fd_sc_hd__a2bb2o_2_X_B1_sky130_fd_sc_hd__a2bb2o_2_X_B2_sky130_fd_sc_hd__o32a_2_X_A2_sky130_fd_sc_hd__nor3_2_Y_C_sky130_fd_sc_hd__and3b_2_X_C,2.76µm
filter.y_out\[15\]_sky130_fd_sc_hd__dfrtp_2_Q_D_sky130_fd_sc_hd__and3_2_X_B_sky130_fd_sc_hd__a21boi_2_Y_B1_N,2.76µm
net73,2.76µm
spi_in.shift_reg\[13\]_sky130_fd_sc_hd__dfrtp_2_Q_D,2.74µm
spi_out.bit_cnt\[0\]_sky130_fd_sc_hd__dfrtp_2_Q_D,2.74µm
spi_out.shift_reg\[10\]_sky130_fd_sc_hd__dfrtp_2_Q_RESET_B,2.74µm
spi_out.shift_reg\[1\]_sky130_fd_sc_hd__dfrtp_2_Q_D,2.74µm
filter.x_in\[7\]_sky130_fd_sc_hd__and2_2_A_B_sky130_fd_sc_hd__and3b_2_X_B_sky130_fd_sc_hd__nand2_2_B_Y,2.72µm
spi_in.shift_reg\[14\]_sky130_fd_sc_hd__dfrtp_2_Q_RESET_B,2.69µm
spi_out.shift_reg\[3\]_sky130_fd_sc_hd__dfrtp_2_Q_RESET_B,2.69µm
filter.x_in\[6\]_sky130_fd_sc_hd__and2_2_A_B_sky130_fd_sc_hd__a31o_2_X_B1_sky130_fd_sc_hd__and2_2_X_B_sky130_fd_sc_hd__o22a_2_X_B2_sky130_fd_sc_hd__nand2b_2_Y_A_N_sky130_fd_sc_hd__and2_2_B_X_sky130_fd_sc_hd__nand2_2_B_Y,2.64µm
spi_in.shift_reg\[6\]_sky130_fd_sc_hd__dfrtp_2_Q_D,2.64µm
filter.x_in\[12\]_sky130_fd_sc_hd__dfrtp_2_Q_D,2.62µm
filter.x_in\[3\]_sky130_fd_sc_hd__a21oi_2_B1_Y_sky130_fd_sc_hd__o31a_2_A3_A1_sky130_fd_sc_hd__a21oi_2_Y_A2_sky130_fd_sc_hd__or2_2_X_B_sky130_fd_sc_hd__xnor2_2_Y_B,2.62µm
filter.x_in\[3\]_sky130_fd_sc_hd__a21oi_2_B1_Y_sky130_fd_sc_hd__o31a_2_A3_A1_sky130_fd_sc_hd__a21oi_2_Y_B1,2.62µm
filter.x_in\[4\]_sky130_fd_sc_hd__and2b_2_B_X_sky130_fd_sc_hd__a21o_2_B1_X_sky130_fd_sc_hd__and2b_2_B_X,2.62µm
filter.y_out\[0\]_sky130_fd_sc_hd__dfrtp_2_Q_D_sky130_fd_sc_hd__xor2_2_X_A_sky130_fd_sc_hd__and3b_2_X_B_sky130_fd_sc_hd__o211a_2_X_C1_sky130_fd_sc_hd__or3_2_X_A_sky130_fd_sc_hd__and2b_2_X_B_sky130_fd_sc_hd__a22o_2_X_A2_sky130_fd_sc_hd__xnor2_2_Y_B,2.62µm
filter.y_out\[0\]_sky130_fd_sc_hd__dfrtp_2_Q_D_sky130_fd_sc_hd__xor2_2_X_A_sky130_fd_sc_hd__and3b_2_X_C_sky130_fd_sc_hd__a21o_2_X_B1_sky130_fd_sc_hd__a2bb2o_2_X_B1_sky130_fd_sc_hd__a2bb2o_2_X_A2_N,2.62µm
filter.y_out\[3\]_sky130_fd_sc_hd__dfrtp_2_Q_D_sky130_fd_sc_hd__nor2_2_Y_B,2.62µm
filter.x_in\[10\]_sky130_fd_sc_hd__or2_2_A_B_sky130_fd_sc_hd__xor2_2_X_B_sky130_fd_sc_hd__a31o_2_X_A2_sky130_fd_sc_hd__xor2_2_X_B_sky130_fd_sc_hd__nor2_2_Y_B,2.5µm
filter.x_in\[2\]_sky130_fd_sc_hd__inv_2_A_Y_sky130_fd_sc_hd__xnor2_2_A_Y_sky130_fd_sc_hd__xnor2_2_B_Y_sky130_fd_sc_hd__xnor2_2_B_Y_sky130_fd_sc_hd__or2_2_A_X,2.5µm
filter.x_in\[5\]_sky130_fd_sc_hd__or2_2_A_X_sky130_fd_sc_hd__and2_2_B_X_sky130_fd_sc_hd__xnor2_2_A_B_sky130_fd_sc_hd__xnor2_2_Y_B,2.5µm
filter.x_in\[6\]_sky130_fd_sc_hd__and2_2_A_X_sky130_fd_sc_hd__xor2_2_A_B,2.5µm
filter.y_out\[0\]_sky130_fd_sc_hd__dfrtp_2_Q_D_sky130_fd_sc_hd__xor2_2_X_A_sky130_fd_sc_hd__and3b_2_X_C_sky130_fd_sc_hd__a21o_2_X_A1_sky130_fd_sc_hd__nor2_2_Y_B,2.5µm
spi_in.bit_cnt\[3\]_sky130_fd_sc_hd__nor2_2_A_Y,2.5µm
spi_out.shift_reg\[10\]_sky130_fd_sc_hd__dfrtp_2_Q_D,2.465µm
filter.x_in\[6\]_sky130_fd_sc_hd__and2_2_A_B_sky130_fd_sc_hd__a31o_2_X_B1_sky130_fd_sc_hd__and2_2_X_B_sky130_fd_sc_hd__o22a_2_X_B2_sky130_fd_sc_hd__nand2b_2_Y_A_N_sky130_fd_sc_hd__and2_2_B_X_sky130_fd_sc_hd__o211a_2_A1_X_sky130_fd_sc_hd__o31ai_2_A1_A3_sky130_fd_sc_hd__a21bo_2_X_B1_N,2.4µm
filter.x_in\[10\]_sky130_fd_sc_hd__dfrtp_2_Q_RESET_B,2.38µm
filter.x_in\[1\]_sky130_fd_sc_hd__dfrtp_2_Q_RESET_B,2.38µm
filter.x_in\[8\]_sky130_fd_sc_hd__dfrtp_2_Q_RESET_B,2.38µm
filter.y_out\[0\]_sky130_fd_sc_hd__dfrtp_2_Q_RESET_B,2.38µm
filter.y_out\[10\]_sky130_fd_sc_hd__dfrtp_2_Q_RESET_B,2.38µm
filter.y_out\[1\]_sky130_fd_sc_hd__dfrtp_2_Q_RESET_B,2.38µm
filter.y_out\[7\]_sky130_fd_sc_hd__dfrtp_2_Q_RESET_B,2.38µm
spi_in.bit_cnt\[0\]_sky130_fd_sc_hd__dfrtp_2_Q_RESET_B,2.38µm
spi_in.shift_reg\[10\]_sky130_fd_sc_hd__dfrtp_2_Q_RESET_B,2.38µm
spi_in.shift_reg\[12\]_sky130_fd_sc_hd__dfrtp_2_Q_RESET_B,2.38µm
spi_in.shift_reg\[4\]_sky130_fd_sc_hd__dfrtp_2_Q_RESET_B,2.38µm
spi_out.shift_reg\[14\]_sky130_fd_sc_hd__dfrtp_2_Q_RESET_B,2.38µm
spi_out.shift_reg\[1\]_sky130_fd_sc_hd__dfrtp_2_Q_RESET_B,2.38µm
spi_out.shift_reg\[4\]_sky130_fd_sc_hd__dfrtp_2_Q_RESET_B,2.38µm
spi_out.shift_reg\[6\]_sky130_fd_sc_hd__dfrtp_2_Q_RESET_B,2.38µm
net36,2.3µm
net39,2.3µm
net45,2.3µm
net49,2.3µm
net58,2.3µm
net62,2.3µm
net67,2.3µm
net83,2.3µm
net89,2.3µm
spi_in.shift_reg\[4\]_sky130_fd_sc_hd__dfrtp_2_Q_D,2.28µm
filter.x_in\[2\]_sky130_fd_sc_hd__dfrtp_2_Q_RESET_B,2.23µm
filter.y_out\[13\]_sky130_fd_sc_hd__dfrtp_2_Q_RESET_B,2.23µm
filter.y_out\[6\]_sky130_fd_sc_hd__dfrtp_2_Q_RESET_B,2.23µm
spi_in.bit_cnt\[2\]_sky130_fd_sc_hd__dfrtp_2_Q_RESET_B,2.23µm
spi_in.valid_out_sky130_fd_sc_hd__dfrtp_2_Q_RESET_B,2.23µm
spi_out.bit_cnt\[0\]_sky130_fd_sc_hd__dfrtp_2_Q_RESET_B,2.23µm
filter.x_in\[14\]_sky130_fd_sc_hd__inv_2_A_Y_sky130_fd_sc_hd__or2_2_A_B_sky130_fd_sc_hd__a21o_2_X_B1_sky130_fd_sc_hd__and2_2_A_B_sky130_fd_sc_hd__o22a_2_X_B1,2.18µm
filter.x_in\[4\]_sky130_fd_sc_hd__and2b_2_B_X,2.18µm
spi_in.shift_reg\[2\]_sky130_fd_sc_hd__dfrtp_2_Q_D,2.18µm
spi_miso_sky130_fd_sc_hd__dfrtp_2_Q_D,2.18µm
filter.x_in\[0\]_sky130_fd_sc_hd__dfrtp_2_Q_D,2.16µm
filter.x_in\[11\]_sky130_fd_sc_hd__nand2_2_A_B_sky130_fd_sc_hd__and2_2_X_B_sky130_fd_sc_hd__nand3_2_Y_C_sky130_fd_sc_hd__xor2_2_X_A_sky130_fd_sc_hd__nand2_2_A_B,2.16µm
filter.x_in\[3\]_sky130_fd_sc_hd__a21oi_2_B1_Y_sky130_fd_sc_hd__o31a_2_A3_A1_sky130_fd_sc_hd__a21oi_2_Y_A2,2.16µm
filter.x_in\[6\]_sky130_fd_sc_hd__dfrtp_2_Q_RESET_B,2.16µm
filter.y_out\[0\]_sky130_fd_sc_hd__dfrtp_2_Q_D_sky130_fd_sc_hd__xor2_2_X_A_sky130_fd_sc_hd__and3b_2_X_C_sky130_fd_sc_hd__a21o_2_X_B1_sky130_fd_sc_hd__a2bb2o_2_X_B1_sky130_fd_sc_hd__a2bb2o_2_X_A1_N,2.16µm
filter.y_out\[15\]_sky130_fd_sc_hd__dfrtp_2_Q_D,2.16µm
spi_in.shift_reg\[10\],2.16µm
filter.x_in\[0\]_sky130_fd_sc_hd__xnor2_2_A_Y_sky130_fd_sc_hd__and2_2_B_X_sky130_fd_sc_hd__o32a_2_A3_B2_sky130_fd_sc_hd__o21a_2_X_B1_sky130_fd_sc_hd__nand2_2_Y_A_sky130_fd_sc_hd__and3_2_X_C_sky130_fd_sc_hd__nand2_2_B_Y,2.04µm
filter.x_in\[3\]_sky130_fd_sc_hd__a21oi_2_B1_Y_sky130_fd_sc_hd__o31a_2_A3_X_sky130_fd_sc_hd__nor2_2_A_Y_sky130_fd_sc_hd__nor3_2_B_Y,2.04µm
filter.y_out\[12\]_sky130_fd_sc_hd__dfrtp_2_Q_D_sky130_fd_sc_hd__xnor2_2_Y_B,2.04µm
filter.y_out\[14\]_sky130_fd_sc_hd__dfrtp_2_Q_RESET_B,2.04µm
net54,2.04µm
filter.x_in\[1\]_sky130_fd_sc_hd__dfrtp_2_Q_D,2µm
net43,1.94µm
filter.y_out\[15\]_sky130_fd_sc_hd__dfrtp_2_Q_D_sky130_fd_sc_hd__and3_2_X_B_sky130_fd_sc_hd__a21boi_2_Y_A2_sky130_fd_sc_hd__o21ai_2_Y_B1,1.84µm
spi_in.bit_cnt\[2\]_sky130_fd_sc_hd__dfrtp_2_Q_D,1.84µm
filter.x_in\[0\]_sky130_fd_sc_hd__o21ai_2_A1_Y_sky130_fd_sc_hd__xnor2_2_A_Y_sky130_fd_sc_hd__a21oi_2_A2_Y_sky130_fd_sc_hd__nor2_2_B_Y,1.82µm
filter.x_in\[13\]_sky130_fd_sc_hd__dfrtp_2_Q_RESET_B,1.82µm
filter.x_in\[14\]_sky130_fd_sc_hd__dfrtp_2_Q_RESET_B,1.82µm
filter.y_out\[3\]_sky130_fd_sc_hd__dfrtp_2_Q_RESET_B,1.82µm
spi_in.bit_cnt\[1\]_sky130_fd_sc_hd__dfrtp_2_Q_D,1.82µm
spi_out.bit_cnt\[3\]_sky130_fd_sc_hd__dfrtp_2_Q_RESET_B,1.82µm
net68,1.82µm
net72,1.82µm
net76,1.82µm
filter.y_out\[12\]_sky130_fd_sc_hd__dfrtp_2_Q_RESET_B,1.75µm
filter.y_out\[0\]_sky130_fd_sc_hd__dfrtp_2_Q_D_sky130_fd_sc_hd__xor2_2_X_A_sky130_fd_sc_hd__and3b_2_X_C_sky130_fd_sc_hd__a21o_2_X_B1_sky130_fd_sc_hd__a2bb2o_2_X_B1_sky130_fd_sc_hd__a2bb2o_2_X_B2_sky130_fd_sc_hd__o32a_2_X_A2_sky130_fd_sc_hd__nor3_2_Y_C_sky130_fd_sc_hd__and3b_2_X_B_sky130_fd_sc_hd__nand2_2_A_B,1.72µm
filter.x_in\[0\]_sky130_fd_sc_hd__o21ai_2_A1_Y_sky130_fd_sc_hd__xnor2_2_A_Y_sky130_fd_sc_hd__a21oi_2_A2_B1,1.7µm
filter.x_in\[0\]_sky130_fd_sc_hd__xnor2_2_A_B,1.7µm
filter.x_in\[12\]_sky130_fd_sc_hd__xnor2_2_A_B_sky130_fd_sc_hd__xnor2_2_Y_A,1.7µm
filter.x_in\[9\]_sky130_fd_sc_hd__dfrtp_2_Q_D,1.7µm
filter.x_in\[9\]_sky130_fd_sc_hd__xnor2_2_A_B_sky130_fd_sc_hd__xor2_2_X_B_sky130_fd_sc_hd__o21ai_2_Y_A1_sky130_fd_sc_hd__xnor2_2_B_A,1.7µm
filter.y_out\[13\]_sky130_fd_sc_hd__dfrtp_2_Q_D_sky130_fd_sc_hd__xnor2_2_Y_B_sky130_fd_sc_hd__o31a_2_X_B1_sky130_fd_sc_hd__o221a_2_X_C1,1.7µm
filter.y_out\[5\]_sky130_fd_sc_hd__dfrtp_2_Q_D_sky130_fd_sc_hd__xor2_2_X_B_sky130_fd_sc_hd__nand2_2_Y_B,1.7µm
spi_in.bit_cnt\[0\]_sky130_fd_sc_hd__dfrtp_2_Q_D,1.7µm
spi_out.bit_cnt\[2\]_sky130_fd_sc_hd__dfrtp_2_Q_D,1.7µm
spi_out.shift_reg\[0\]_sky130_fd_sc_hd__dfrtp_2_Q_RESET_B,1.7µm
filter.x_in\[5\]_sky130_fd_sc_hd__or2_2_A_X,1.38µm
filter.x_in\[11\]_sky130_fd_sc_hd__dfrtp_2_Q_D,1.36µm
filter.x_in\[12\]_sky130_fd_sc_hd__dfrtp_2_Q_RESET_B,1.36µm
filter.x_in\[4\]_sky130_fd_sc_hd__dfrtp_2_Q_RESET_B,1.36µm
filter.x_in\[7\]_sky130_fd_sc_hd__dfrtp_2_Q_RESET_B,1.36µm
filter.y_out\[15\]_sky130_fd_sc_hd__dfrtp_2_Q_RESET_B,1.36µm
spi_in.shift_reg\[0\]_sky130_fd_sc_hd__dfrtp_2_Q_RESET_B,1.36µm
spi_in.shift_reg\[11\]_sky130_fd_sc_hd__dfrtp_2_Q_RESET_B,1.36µm
spi_in.shift_reg\[7\]_sky130_fd_sc_hd__dfrtp_2_Q_RESET_B,1.36µm
spi_in.shift_reg\[8\]_sky130_fd_sc_hd__dfrtp_2_Q_RESET_B,1.36µm
spi_in.shift_reg\[9\]_sky130_fd_sc_hd__dfrtp_2_Q_RESET_B,1.36µm
spi_out.bit_cnt\[2\]_sky130_fd_sc_hd__dfrtp_2_Q_RESET_B,1.36µm
spi_out.bit_cnt\[4\]_sky130_fd_sc_hd__dfrtp_2_Q_RESET_B,1.36µm
spi_out.shift_reg\[13\]_sky130_fd_sc_hd__dfrtp_2_Q_RESET_B,1.36µm
spi_out.shift_reg\[7\]_sky130_fd_sc_hd__dfrtp_2_Q_RESET_B,1.36µm
spi_out.shift_reg\[8\]_sky130_fd_sc_hd__dfrtp_2_Q_RESET_B,1.36µm
filter.x_in\[0\]_sky130_fd_sc_hd__o21ai_2_A1_Y_sky130_fd_sc_hd__xnor2_2_A_Y_sky130_fd_sc_hd__a21oi_2_A2_Y_sky130_fd_sc_hd__nand2_2_B_Y,1.26µm
filter.x_in\[5\]_sky130_fd_sc_hd__dfrtp_2_Q_D,1.26µm
filter.x_in\[13\]_sky130_fd_sc_hd__nand2_2_A_Y_sky130_fd_sc_hd__nand3_2_B_Y,1.14µm
filter.x_in\[0\]_sky130_fd_sc_hd__o21ai_2_A1_Y_sky130_fd_sc_hd__xnor2_2_A_B_sky130_fd_sc_hd__xnor2_2_Y_A_sky130_fd_sc_hd__o21ai_2_Y_B1,0.92µm
filter.x_in\[7\]_sky130_fd_sc_hd__nor2_2_A_Y,0.92µm
filter.y_out\[0\]_sky130_fd_sc_hd__dfrtp_2_Q_D_sky130_fd_sc_hd__xor2_2_X_A_sky130_fd_sc_hd__and3b_2_X_A_N_sky130_fd_sc_hd__xnor2_2_Y_A_sky130_fd_sc_hd__a21oi_2_Y_B1,0.92µm
spi_in.shift_reg\[10\]_sky130_fd_sc_hd__dfrtp_2_Q_D,0.8µm
spi_in.shift_reg\[14\]_sky130_fd_sc_hd__dfrtp_2_Q_D,0.8µm
filter.x_in\[4\]_sky130_fd_sc_hd__xnor2_2_A_B_sky130_fd_sc_hd__a21oi_2_Y_B1,0.46µm
filter.x_in\[5\]_sky130_fd_sc_hd__nand2_2_A_Y_sky130_fd_sc_hd__xor2_2_A_X_sky130_fd_sc_hd__xnor2_2_A_Y_sky130_fd_sc_hd__or2_2_B_X,0.46µm
filter.y_out\[0\]_sky130_fd_sc_hd__dfrtp_2_Q_D_sky130_fd_sc_hd__xor2_2_X_A_sky130_fd_sc_hd__and3b_2_X_C_sky130_fd_sc_hd__a21o_2_X_B1_sky130_fd_sc_hd__a2bb2o_2_X_B1_sky130_fd_sc_hd__a2bb2o_2_X_B1_sky130_fd_sc_hd__or3_2_X_C_sky130_fd_sc_hd__o21a_2_X_A2_sky130_fd_sc_hd__o21ai_2_Y_B1,0.46µm
net44,0.46µm
net70,0.46µm
